id	match	title	describe_en	url
2934	discordant	Platelet satellitism due to EDTA  Anticoagulant - 7.	Peripheral blood smear shows normocytic, normochromic red cells, three morphologically normal segmented neutrophils and adequate, evenly dispersed platelets, mostly single with occasional doublets. Notably, no platelets are adherent to the neutrophils and no platelet clumps are seen, so platelet satellitism is not demonstrated in this field. The image may represent a comparison smear from a non-EDTA (e.g., citrate) sample in which satellitism resolves, or a field away from the phenomenon. As shown, the image does not demonstrate platelet satellitism and is discordant with the title; it shows a normal peripheral smear with adequate platelets.	https://imagebank.hematology.org/image/2934/platelet-satellitism-due-to-edta-anticoagulant--7?type=upload
3630	discordant	Cytogram - normal peripheral blood - 4.	Although the title refers to a cytogram, the image is a peripheral blood smear rather than an analyzer scatter plot. It shows two small mature lymphocytes, compressed into angular shapes by surrounding red cells, and a normal segmented neutrophil. Many red cells contain refractile, sharply outlined clear areas typical of drying (water) artifact, and a few stain precipitate particles are present; these should not be mistaken for inclusions or parasites. No blasts or dysplastic features are seen, and the findings represent normal leukocyte morphology.	https://imagebank.hematology.org/image/3630/cytogram--normal-peripheral-blood--4?type=upload
3632	discordant	Cytogram - normal peripheral blood - 6.	Although the title refers to a cytogram, this image is a peripheral blood smear rather than an analyzer scatter plot. It shows two mature segmented neutrophils with 3-4 nuclear lobes, clumped chromatin, and finely granular pink cytoplasm without toxic change, hypersegmentation, or hypogranularity. Red cells are normochromic and normocytic, and platelets are normal in size. Findings represent normal neutrophil morphology.	https://imagebank.hematology.org/image/3632/cytogram--normal-peripheral-blood--6?type=upload
61749	discordant	Splenic marginal zone lymphoma-CD20	Immunohistochemistry labeled as CD20 shows a nodular aggregate of small lymphoid cells in which the lymphoid cells lack membranous staining, with only faint, fine reticular brown signal within the nodule and a negative spindled background. This pattern contradicts the strong membranous CD20 positivity expected in splenic marginal zone lymphoma. The image is discordant with its label and more likely represents a negative or dendritic-cell-restricted marker (such as CD23 or CD21 staining a follicular dendritic meshwork) or a failed stain; correlation with the case's actual CD20 slide is required.	https://imagebank.hematology.org/image/61749/splenic-marginal-zone-lymphomacd20?type=upload
62424	discordant	Figure 2	Clinical photograph shows a seated child with marked globular swelling of the right knee and a swollen, bulbous contour of the left knee, held in partial flexion. There is relative wasting of the thigh and calf muscles. No overlying skin lesions or bruising are evident. Note that the record legend describes an agarose gel (inverse shift PCR), which does not match this image; the image is a clinical photograph. The appearance is suggestive of hemarthrosis/chronic hemophilic arthropathy in the context of hemophilia A.	https://imagebank.hematology.org/image/62424/figure-2?type=upload
62708	discordant	Mixed Phenotype Acute Leukemia, B/myeloid: Blood	Peripheral blood smear field shows red cells, many of which contain fine punctate basophilic dots that may represent basophilic stippling or stain precipitate, together with scattered crenated forms. A large polygonal eosinophilic anucleate structure with peripheral clusters of coarse blue granules is present; its identity cannot be established at this resolution and it may be artifactual or a degenerated cell. No blasts are identified in this field. The image does not by itself demonstrate the features of mixed phenotype acute leukemia; the diagnosis rests on blast enumeration and flow cytometric lineage assignment (MPO plus strong CD19 with CD79a/CD22/CD10).	https://imagebank.hematology.org/image/62708/mixed-phenotype-acute-leukemia-bmyeloid-blood?type=upload
64862	discordant	Aggressive NK-cell leukemia H&E Bone Marrow Biopsy	Bone marrow core biopsy section stained by immunohistochemistry (not H&E as titled), with hematoxylin counterstain. The marrow is diffusely replaced by sheets of medium to large atypical cells with round to oval nuclei. Most infiltrating cells show granular, dot-like cytoplasmic immunoreactivity, a pattern typical of cytotoxic granule-associated proteins, although the specific antibody is not identified in the image. Residual normal hematopoiesis is not evident in this field. In the appropriate clinical and immunophenotypic context (CD3ε+, surface CD3−, CD56+, EBER+), findings are consistent with marrow involvement by aggressive NK-cell leukemia.	https://imagebank.hematology.org/image/64862/aggressive-nkcell-leukemia-he-bone-marrow-biopsy?type=upload
65117	discordant	Macrophage with phagocytosed red blood cells	Peripheral blood smear shows numerous medium-sized lymphoid cells with round to oval nuclei, finely dispersed chromatin, inconspicuous nucleoli and moderate pale blue-gray cytoplasm bearing fine circumferential hair-like projections. An irregular purple cell or aggregate is present at the bottom of the field, but no macrophage with phagocytosed red cells is seen, so the image is discordant with its title. The morphology of the lymphoid cells is consistent with circulating hairy cells, supporting the clinical diagnosis of hairy cell leukemia; flow cytometry (CD11c, CD25, CD103, CD123) and BRAF V600E testing are confirmatory.	https://imagebank.hematology.org/image/65117/macrophage-with-phagocytosed-red-blood-cells?type=upload
1032	partial	Hemophagocytic lymphohistiocytosis – reactive - 1.	Bone marrow aspirate smear at scanning magnification shows a highly cellular specimen with dense sheets of nucleated cells and scattered larger dark cells. Cytologic detail is not resolvable at this power, and hemophagocytic histiocytes cannot be identified. The image establishes an adequate, cellular aspirate; evaluation for hemophagocytosis requires high-power examination of the smear.	https://imagebank.hematology.org/image/1032/hemophagocytic-lymphohistiocytosis--reactive--1?type=upload
1033	partial	Hemophagocytic lymphohistiocytosis – reactive - 2.	Bone marrow aspirate smear shows an aggregate of mononuclear cells with overlapping nuclei, composed of smaller cells with dense chromatin admixed with larger cells with fine chromatin and pale cytoplasm. Scattered single mononuclear cells are present in the background. No definite hemophagocytic histiocyte is identified in this field. The image does not by itself demonstrate hemophagocytosis; the aggregate most likely represents clumped marrow cells, but a non-hematopoietic cluster should be excluded by review of other fields and ancillary studies.	https://imagebank.hematology.org/image/1033/hemophagocytic-lymphohistiocytosis--reactive--2?type=upload
1034	partial	Hemophagocytic lymphohistiocytosis – reactive - 3.	Bone marrow aspirate smear shows a cohesive aggregate of medium-sized mononuclear cells with high N:C ratio, finely granular chromatin and scant pale cytoplasm, with focal nuclear molding. Scattered single mononuclear cells and red cells are present in the background. No hemophagocytic histiocytes are identified in this field, so the image does not by itself demonstrate hemophagocytosis. The nature of the cluster (clumped hematopoietic precursors versus non-hematopoietic tumor cells) cannot be determined from this field; correlation with the remainder of the aspirate, biopsy and immunophenotyping is required.	https://imagebank.hematology.org/image/1034/hemophagocytic-lymphohistiocytosis--reactive--3?type=upload
1035	partial	Hemophagocytic lymphohistiocytosis – reactive - 4.	Aspirate smear shows a cellular population dominated by medium-sized mononuclear cells with round nuclei, fine chromatin and pale blue cytoplasm, arranged singly and in loose aggregates. Several dark pigment or debris clumps are present, and occasional larger cells with more cytoplasm are seen. No definite hemophagocytic histiocytes are identified in this field. The image does not by itself demonstrate hemophagocytosis; the identity of the dominant population should be established with immunophenotyping and review of other fields.	https://imagebank.hematology.org/image/1035/hemophagocytic-lymphohistiocytosis--reactive--4?type=upload
1058	partial	Relapsed accelerated CML – T315I mutation - 5.	Smear from a thick area shows increased blasts, which are medium to large cells with high nuclear-to-cytoplasmic ratios, finely dispersed chromatin, and basophilic cytoplasm. They are admixed with granulocytic precursors, including an eosinophilic myelocyte with coarse orange granules, a basophil, and a neutrophil. Red cells are crowded with drying artifact, and it cannot be determined with certainty whether this is blood or marrow. In the context of known CML, findings are consistent with disease progression with increased blasts (accelerated/blast phase); blast enumeration and ABL1 kinase domain mutation analysis (e.g., T315I) are indicated.	https://imagebank.hematology.org/image/1058/relapsed-accelerated-cml--t315i-mutation--5?type=upload
1060	partial	Metastatic prostate carcinoma - 2.	Bone marrow trephine biopsy section shows thickened trabeculae with prominent lamellar lines, consistent with osteosclerotic change. The intertrabecular space is replaced by a population of pale, vacuolated cells with small hyperchromatic nuclei, with loss of normal hematopoiesis. Definite glandular differentiation or cytologic atypia is difficult to confirm at this magnification. In the clinical context, findings are suggestive of marrow involvement by metastatic carcinoma with osteoblastic reaction; confirmation with keratin and prostatic markers (PSA, NKX3.1) is recommended.	https://imagebank.hematology.org/image/1060/metastatic-prostate-carcinoma--2?type=upload
1069	partial	Döhle bodies - 1.	Peripheral blood smear shows a segmented neutrophil and a band neutrophil with coarse cytoplasmic granulation. A faint pale blue peripheral cytoplasmic inclusion suggestive of a Döhle body may be present, but it is not well resolved at this magnification. The red cells are largely normocytic with a few polychromatophilic cells, and platelets are present. Findings are consistent with reactive neutrophil changes such as toxic granulation, supporting an infectious or inflammatory process.	https://imagebank.hematology.org/image/1069/dhle-bodies--1?type=upload
1077	partial	Flame cell - 1.	Bone marrow aspirate smear shows a large plasma cell (arrow) with a small eccentric nucleus, perinuclear hof, and voluminous blue-violet cytoplasm. The cytoplasm appears slightly mottled but lacks a clearly defined red-purple peripheral fringe typical of classic flame cells. Background maturing myeloid and erythroid cells and small lymphocytes are present. Findings represent a plasma cell with abundant cytoplasm raising the possibility of a flame cell, which is associated with IgA-secreting plasma cell neoplasms but is not specific.	https://imagebank.hematology.org/image/1077/flame-cell--1?type=upload
1078	partial	Snapper-Schneid granules - 1.	Bone marrow aspirate smear at low power is cellular with numerous fat spaces and mixed hematopoietic elements. Plasma cells with eccentric nuclei and basophilic cytoplasm appear increased, and some show faint azurophilic cytoplasmic granulation, although granule detail is limited at this magnification. Maturing granulocytes and erythroid precursors are present. Findings suggest a plasmacytosis with granulated plasma cells; higher-power review, plasma cell enumeration, and clonality studies are required.	https://imagebank.hematology.org/image/1078/snapperschneid-granules--1?type=upload
1085	partial	CML - 3.	Bone marrow biopsy section shows a fragment containing clustered large cells with abundant eosinophilic cytoplasm and single, round, hypolobated nuclei, in keeping with small hypolobated megakaryocytes. The intervening stroma contains streaming, hyperchromatic spindle nuclei suggestive of fibrosis with some crush artifact, and an adjacent area is hemorrhagic. Overall marrow cellularity and myeloid maturation cannot be assessed in this field. In the appropriate context, the megakaryocytic morphology is compatible with chronic myeloid leukemia; confirmation of BCR-ABL1 is required.	https://imagebank.hematology.org/image/1085/cml--3?type=upload
1087	partial	CML - 5.	Low-power H&E section of a bone marrow biopsy shows bony trabeculae with markedly hypercellular marrow spaces and near-complete loss of fat, admixed with abundant hemorrhage. Focal cellular streaming suggests crush or fibrosis. Individual cell lineages and megakaryocyte morphology cannot be assessed at this magnification. Hypercellularity is compatible with the clinical diagnosis of chronic myeloid leukemia, but the image alone is not specific.	https://imagebank.hematology.org/image/1087/cml--5?type=upload
1088	partial	CML - 6.	Low-power section of a bone marrow biopsy shows diffuse dark brown staining with a dense fibrillary background, most consistent with an overdeveloped reticulin (silver) stain, in which fibers appear increased and surround numerous megakaryocytes. Areas of streaming are present. Heavy background staining and the low magnification preclude reliable fiber grading or cytologic assessment. The findings suggest increased marrow fibrosis in chronic myeloid leukemia, but a well-differentiated reticulin and trichrome stain are needed for grading.	https://imagebank.hematology.org/image/1088/cml--6?type=upload
1089	partial	Peripheral blood findings in juvenile myelomonocytic leukemia - 1.	Peripheral blood smear shows a single neutrophil with a bilobed nucleus connected by a thin bridge, dense clumped chromatin, and pale hypogranular cytoplasm, consistent with a pseudo-Pelger-Huët cell. Red cells show mild anisocytosis with scattered echinocytes, and platelets appear reduced in this field. No monocytes, immature myeloid cells, or blasts are present in the field shown. In a child with monocytosis and splenomegaly, dysgranulopoiesis of this type supports juvenile myelomonocytic leukemia, but the field alone is not diagnostic.	https://imagebank.hematology.org/image/1089/peripheral-blood-findings-in-juvenile-myelomonocytic-leukemia--1?type=upload
1092	partial	Peripheral blood findings in juvenile myelomonocytic leukemia - 4.	Peripheral blood smear shows a medium-sized mononuclear cell with a high nuclear-to-cytoplasmic ratio, fine open chromatin and a thin rim of basophilic agranular cytoplasm, consistent with a circulating blast. No Auer rods are seen. A large platelet is present nearby. In the setting of juvenile myelomonocytic leukemia, occasional circulating blasts are expected, but a blast count of 20% or more would indicate transformation to acute leukemia.	https://imagebank.hematology.org/image/1092/peripheral-blood-findings-in-juvenile-myelomonocytic-leukemia--4?type=upload
1094	partial	Marrow findings in JMML - 1.	The smear shows a cluster of nucleated cells composed of monocytes and promonocyte-like cells with folded nuclei, left-shifted granulocytes including myelocytes and bands, occasional hypolobated neutrophils, and several nucleated erythroid precursors. Blasts are not increased in this field. This image is identical to the one labeled as peripheral blood for this case (record 1093), and the dilute cellularity makes it difficult to confirm that it is a marrow aspirate. The myelomonocytic proliferation is consistent with juvenile myelomonocytic leukemia, but marrow findings in JMML are nonspecific and diagnosis rests on blood counts and genetics.	https://imagebank.hematology.org/image/1094/marrow-findings-in-jmml--1?type=upload
1097	partial	Marrow findings in JMML - 4.	Immunohistochemical stain of a hypercellular bone marrow biopsy shows diffuse granular cytoplasmic positivity in the majority of cells, with scattered interspersed negative cells. The staining pattern is typical of a myeloid or monocytic marker (such as myeloperoxidase or lysozyme), although the specific antibody is not stated. The findings indicate that the marrow is largely occupied by myelomonocytic cells, consistent with juvenile myelomonocytic leukemia in context; CD34 staining would be needed to assess blast percentage.	https://imagebank.hematology.org/image/1097/marrow-findings-in-jmml--4?type=upload
1098	partial	Marrow findings in JMML - 5.	Immunohistochemical stain on a bone marrow biopsy section shows a hypercellular marrow in which a large proportion of cells display coarse granular brown cytoplasmic positivity. The positive population includes medium-sized cells with oval to indented nuclei and larger cells with more abundant cytoplasm, consistent with expanded myelomonocytic elements. The specific antibody is not stated; the granular pattern is compatible with a myeloid/monocytic marker such as lysozyme, CD68, or MPO. In context, findings support myelomonocytic proliferation as seen in juvenile myelomonocytic leukemia.	https://imagebank.hematology.org/image/1098/marrow-findings-in-jmml--5?type=upload
1102	partial	Sezary syndrome - peripheral smear - 1.	Low-power view of a peripheral blood smear shows an increased number of small, uniform, dark-staining lymphoid cells with high nuclear-to-cytoplasmic ratio and few other leukocytes. Red cells and platelets appear unremarkable. The nuclear contours cannot be assessed at this magnification, so cerebriform morphology cannot be confirmed. The findings indicate a small-cell lymphocytosis compatible with Sézary syndrome in the appropriate clinical setting; high-power review and flow cytometry are required.	https://imagebank.hematology.org/image/1102/sezary-syndrome--peripheral-smear--1?type=upload
1103	partial	Sezary syndrome - peripheral smear - 2.	Peripheral blood smear shows two lymphoid cells, one small with dense chromatin and one slightly larger with a mildly irregular nuclear outline and scant agranular cytoplasm, adjacent to a normal segmented neutrophil. The characteristic cerebriform nuclear folding is not clearly resolved at this magnification. Red cells show prominent central pallor. The lymphoid cells are compatible with, but not diagnostic of, Sézary cells; flow cytometry for CD4+ T cells with loss of CD7 and/or CD26 is required.	https://imagebank.hematology.org/image/1103/sezary-syndrome--peripheral-smear--2?type=upload
111	partial	Refractory Cytopenia of Childhood	Peripheral blood smear shows leukopenia with few circulating leukocytes, mild anisocytosis with occasional macrocytes, and no circulating blasts identified. The bone marrow aspirate shows dysplastic megakaryocytes with widely separated round nuclei and clusters of erythroid precursors with megaloblastoid chromatin and occasional nuclear irregularity; blasts are not increased. The core biopsy shows trilineage hematopoiesis with small hypolobated megakaryocytes and immature erythroid islands; the low-power field illustrated appears cellular rather than hypocellular, so overall cellularity should be judged on the entire core against age-matched norms. Conventional cytogenetics shows 45,XY,-7 and interphase FISH confirms loss of one chromosome 7 (one CEP7 and one D7S486 signal). Findings are consistent with refractory cytopenia of childhood (childhood MDS with low blasts) with monosomy 7.	https://imagebank.hematology.org/reference-case/111/refractory-cytopenia-of-childhood
1142	partial	APL - biopsy - 2.	This Romanowsky-stained preparation (aspirate smear or biopsy touch imprint) shows sheets of monotonous immature myeloid cells with moderate cytoplasm containing azurophilic granules and round to folded nuclei with fine chromatin. Residual normal hematopoietic elements are sparse. Although the title indicates a biopsy, the image is a cytologic preparation rather than a histologic section. Auer rods and bilobed butterfly nuclei cannot be confidently resolved at this magnification. Findings are consistent with acute promyelocytic leukemia in context; confirmation of PML::RARA is required.	https://imagebank.hematology.org/image/1142/apl--biopsy--2?type=upload
1147	partial	Herpes simplex lymphadenitis - 1.	Lymph node section at low to medium power shows extensive eosinophilic necrosis with abundant karyorrhectic nuclear debris and scattered inflammatory cells. A more cellular area is present along one side, and vessels and fat vacuoles are seen within the tissue. Viral cytopathic changes cannot be evaluated at this magnification. Findings are those of a necrotizing lymphadenitis; in context, herpes simplex virus lymphadenitis is favored, pending higher-power review for intranuclear inclusions and HSV immunohistochemistry.	https://imagebank.hematology.org/image/1147/herpes-simplex-lymphadenitis--1?type=upload
1150	partial	Herpes simplex lymphadenitis - 4.	Lymph node section shows a polymorphous paracortical infiltrate composed of small lymphocytes, plasmacytoid cells, histiocytes, and scattered large activated immunoblast-like cells with vesicular nuclei and nucleoli. Vessels with plump endothelial cells are prominent. Necrosis and definite herpetic intranuclear inclusions are not identified in this field. Findings are those of a reactive paracortical/immunoblastic hyperplasia, which can accompany herpes simplex virus lymphadenitis adjacent to necrotic foci.	https://imagebank.hematology.org/image/1150/herpes-simplex-lymphadenitis--4?type=upload
1202	partial	Primary effusion lymphoma - 3.	Immunohistochemical stain (marker not specified) performed on a cell block/tissue preparation shows a mixed population of large atypical cells with vesicular nuclei and small lymphocytes. A subset of the large cells shows membranous and paranuclear dot-like positivity, while small lymphocytes are negative. The staining pattern is compatible with an activation or plasmacytic marker such as CD30 or CD138, but the specific antibody cannot be determined from the image. In the appropriate clinical context, findings support involvement by primary effusion lymphoma; confirmation requires HHV8 (LANA) positivity.	https://imagebank.hematology.org/image/1202/primary-effusion-lymphoma--3?type=upload
1207	partial	Amyloidosis - 4.	Bone marrow core biopsy immunostain shows numerous positive cells scattered interstitially and in small clusters throughout a cellular marrow; the membranous pattern is compatible with a plasma cell marker such as CD138, although the antibody is not specified. A pale, acellular, round homogeneous deposit is present centrally, which could represent amyloid but requires Congo red staining for confirmation. Kappa/lambda staining is needed to establish clonality and quantify the plasma cell burden. Findings are suggestive of an increased plasma cell population in a patient with amyloidosis.	https://imagebank.hematology.org/image/1207/amyloidosis--4?type=upload
1208	partial	Amyloidosis - 5.	Bone marrow section stained with H&E shows a hypocellular, hemorrhagic marrow with fat spaces, an adjacent bony trabecula, and scattered small, poorly preserved nucleated cells. Pale eosinophilic, amorphous, acellular material is present in the interstitium, which may represent amyloid deposition but could also reflect edema or fibrin. Plasma cells cannot be reliably identified at this magnification. A Congo red stain with polarization (apple-green birefringence) and assessment for a clonal plasma cell population by CD138 and kappa/lambda immunostaining are recommended to confirm amyloidosis.	https://imagebank.hematology.org/image/1208/amyloidosis--5?type=upload
1213	partial	Marginal zone lymphoma: leukemic phase - 1.	Peripheral blood smear at low magnification shows an increased number of lymphoid cells relative to other leukocytes. The lymphocytes are small to medium-sized with round nuclei, condensed chromatin and scant to moderate pale blue cytoplasm; cytoplasmic villi cannot be assessed at this magnification. Occasional neutrophils are present, and smudge cells and blasts are not evident. Red cells and platelets are unremarkable. The findings indicate a lymphocytosis of mature-appearing cells, compatible with splenic marginal zone lymphoma in leukemic phase when supported by high-power morphology (villous lymphocytes) and immunophenotyping.	https://imagebank.hematology.org/image/1213/marginal-zone-lymphoma-leukemic-phase--1?type=upload
1223	partial	Essential thrombocythemia: peripheral smear - 3.	Peripheral blood smear shows normocytic, normochromic red cells without significant poikilocytosis. Platelets are dispersed singly and appear increased, with normal to slightly large forms and no clumping. Several mature segmented neutrophils with normal granulation are present, and no blasts, immature granulocytes, teardrop cells or nucleated red cells are seen. The degree of thrombocytosis cannot be quantified from this field and requires correlation with the platelet count. Findings are consistent with essential thrombocythemia in the appropriate clinical and molecular (JAK2, CALR, MPL) context.	https://imagebank.hematology.org/image/1223/essential-thrombocythemia-peripheral-smear--3?type=upload
1224	partial	Essential thrombocythemia: peripheral smear - 4.	Peripheral blood smear, examined in a relatively thick area, shows numerous scattered platelets with variation in size, including large platelets and a central platelet aggregate. A single mononuclear cell with coarse purple cytoplasmic granules is present, which may represent a basophil, although its lineage cannot be determined with confidence. Red cells appear normochromic without teardrop forms, and no blasts or nucleated red cells are seen. The findings suggest thrombocytosis with platelet anisocytosis and are consistent with essential thrombocythemia in the appropriate clinical and molecular context (JAK2, CALR or MPL mutation), although reactive thrombocytosis and other MPNs cannot be excluded on the smear alone.	https://imagebank.hematology.org/image/1224/essential-thrombocythemia-peripheral-smear--4?type=upload
1235	partial	AML with maturation - 1.	Peripheral blood smear shows several large circulating blasts with high nuclear-to-cytoplasmic ratios, round to slightly angular nuclei, finely dispersed chromatin and a moderate rim of pale basophilic agranular cytoplasm; no Auer rods are identified. A segmented neutrophil with normal lobation and granulation is present for comparison. Background red cells show crenation artifact. The findings indicate circulating blasts in keeping with acute leukemia; classification as acute myeloid leukemia with maturation requires bone marrow evaluation of granulocytic maturation and lineage confirmation.	https://imagebank.hematology.org/image/1235/aml-with-maturation--1?type=upload
1236	partial	AML with maturation - 2.	Peripheral blood smear shows a single circulating blast approximately twice the size of a red cell, with a high nuclear-to-cytoplasmic ratio, finely dispersed chromatin, a slightly indented eccentric nucleus, and a moderate rim of pale basophilic agranular cytoplasm. No Auer rods are seen. Background red cells show widespread crenation, most consistent with a drying artifact. A circulating blast indicates a leukemic process, but maturation cannot be assessed on this field; classification as acute myeloid leukemia with maturation depends on the marrow differential and lineage studies.	https://imagebank.hematology.org/image/1236/aml-with-maturation--2?type=upload
1237	partial	AML with maturation - 3.	Bone marrow aspirate smear at low magnification shows a markedly hypercellular preparation composed of a densely packed, relatively monotonous population of round cells, with loss of the normal heterogeneous hematopoietic appearance. Thick areas are present at the edges of the smear. Cytologic detail, including chromatin pattern, granules, Auer rods and the degree of granulocytic maturation, cannot be evaluated at this power. The findings are suggestive of marrow replacement by an acute leukemia and are compatible with the stated diagnosis of AML with maturation, which requires high-power morphology, blast enumeration and immunophenotyping for confirmation.	https://imagebank.hematology.org/image/1237/aml-with-maturation--3?type=upload
1240	partial	AML with maturation - 6.	Bone marrow core biopsy at low power shows a markedly hypercellular marrow, approaching 100% cellularity, with near-complete loss of adipocytes. The intertrabecular spaces are diffusely replaced by sheets of intermediate-sized immature-appearing cells, with effacement of the normal trilineage hematopoietic pattern and inconspicuous megakaryocytes. Bony trabeculae appear unremarkable. The low magnification does not allow assessment of granulocytic maturation, so correlation with the aspirate differential is required; in that context the findings are consistent with involvement by acute myeloid leukemia, reported as AML with maturation.	https://imagebank.hematology.org/image/1240/aml-with-maturation--6?type=upload
1241	partial	AML with maturation - 7.	Bone marrow core biopsy at high power shows diffuse replacement of the marrow by sheets of intermediate-sized immature cells with round to oval nuclei, fine chromatin, small nucleoli and moderate amounts of pale cytoplasm. A subset of cells has more eosinophilic cytoplasm and smaller, more condensed nuclei, suggesting some granulocytic maturation, whereas normal erythroid islands and megakaryocytes are not evident. The histologic features support involvement by acute myeloid leukemia; enumeration of maturing granulocytes on the aspirate or CD34/MPO immunostains is needed to classify it as AML with maturation.	https://imagebank.hematology.org/image/1241/aml-with-maturation--7?type=upload
1274	partial	T-PLL - 1.	Low-power view of a peripheral blood smear shows marked leukocytosis composed of numerous small, relatively uniform mononuclear cells distributed evenly among the red cells. At this magnification the cytologic features that characterize prolymphocytes, such as a single prominent nucleolus, irregular nuclear contour, and cytoplasmic blebs, cannot be evaluated. The image supports a marked lymphocytosis but is not diagnostic on its own. Correlation with high-power morphology and flow cytometry (CD4+/CD7+ bright T cells) and TCL1A rearrangement is required to confirm T-cell prolymphocytic leukemia.	https://imagebank.hematology.org/image/1274/tpll--1?type=upload
1278	partial	AML with inv(3) - 1.	Bone marrow aspirate smear is hypercellular with an increased population of intermediate to large blasts showing round nuclei, fine chromatin, occasional nucleoli and moderately basophilic cytoplasm. These are admixed with maturing granulocytic elements at all stages, scattered lymphocytes and occasional erythroid precursors, adjacent to a particle edge. Megakaryocytes are not well represented in this field, so the hypolobated megakaryocytes typical of MECOM-rearranged AML cannot be evaluated here. The findings support acute myeloid leukemia; assignment to AML with inv(3)(q21.3q26.2) or t(3;3) requires cytogenetic or FISH confirmation.	https://imagebank.hematology.org/image/1278/aml-with-inv3--1?type=upload
1282	partial	Extranodal NK/T-cell lymphoma - 2.	Bone marrow aspirate smear, in a thick and suboptimally spread area, shows two large atypical cells among residual hematopoietic elements. The cells have eccentric round nuclei with fine chromatin and small nucleoli, and abundant deeply basophilic cytoplasm containing sparse fine azurophilic granules. Their appearance is plasmablast-like, and lineage cannot be assigned on morphology alone. Immunophenotyping (cytoplasmic CD3, CD56, cytotoxic markers, CD138) and EBER in situ hybridization are required. Findings are suggestive of marrow involvement by lymphoma, compatible with extranodal NK/T-cell lymphoma in the clinical context.	https://imagebank.hematology.org/image/1282/extranodal-nktcell-lymphoma--2?type=upload
1283	partial	Extranodal NK/T-cell lymphoma - 3.	Bone marrow aspirate smear shows residual trilineage hematopoietic elements with several admixed large atypical cells. These cells have deeply basophilic cytoplasm, which is finely vacuolated in one cell, and round to cleaved or bilobed nuclei with fine chromatin. Azurophilic granules are not readily identified in this field, and the morphology alone does not establish lineage. Correlation with immunophenotyping (cytoplasmic CD3, CD56, TIA-1/granzyme B) and EBER in situ hybridization is required. Findings are suggestive of marrow involvement by lymphoma and compatible with extranodal NK/T-cell lymphoma in the clinical context.	https://imagebank.hematology.org/image/1283/extranodal-nktcell-lymphoma--3?type=upload
1284	partial	Extranodal NK/T-cell lymphoma - 4.	Bone marrow aspirate smear shows a cellular marrow containing multiple enlarged histiocytes with abundant pale, vacuolated cytoplasm. Several histiocytes contain phagocytosed nucleated hematopoietic cells and nuclear debris, indicating hemophagocytosis. The background shows residual erythroid and granulocytic precursors; definite atypical lymphoma cells are not evident in this field. Findings are consistent with hemophagocytosis, which in a patient with extranodal NK/T-cell lymphoma supports lymphoma-associated hemophagocytic lymphohistiocytosis; marrow involvement should be assessed with EBER in situ hybridization.	https://imagebank.hematology.org/image/1284/extranodal-nktcell-lymphoma--4?type=upload
12890	partial	Plummer-Vinson syndrome and reactive thrombocytosis mask a JAK2-V617F positive myeloproliferative neoplasm	Peripheral blood smear shows hypochromic, microcytic red cells with anisopoikilocytosis, including pencil cells and occasional target cells, and a conspicuously increased number of platelets. No nucleated red cells, teardrop cells, or immature myeloid cells are seen in this field. The endoscopic inset shows a thin esophageal web. Findings are consistent with iron deficiency anemia with thrombocytosis and Plummer-Vinson syndrome; because thrombocytosis may persist after iron repletion, testing for JAK2 V617F, CALR, and MPL mutations is warranted, as the morphology cannot distinguish reactive thrombocytosis from an underlying myeloproliferative neoplasm.	https://imagebank.hematology.org/image/12890/plummervinson-syndrome-and-reactive-thrombocytosis-mask-a-jak2v617f-positive-myeloproliferative-neop?type=upload
12893	partial	Basophilic stippling: a lead to the diagnosis	Peripheral blood smear shows several red cells with coarse, evenly dispersed basophilic stippling, in a background of target cells, mild anisopoikilocytosis, and occasional hypochromic cells; a mature neutrophil is unremarkable. The accompanying radiograph and CT reconstructions show an intramedullary femoral rod with retained radiodense metallic fragments in the thigh soft tissues, consistent with a retained bullet. In a patient with chronic unexplained abdominal pain, findings are suggestive of lead poisoning from retained bullet fragments; blood lead level and zinc protoporphyrin should be measured. The image does not support the benzene/environmental toxin aplastic anemia category under which it is filed.	https://imagebank.hematology.org/image/12893/basophilic-stippling-a-lead-to-the-diagnosis?type=upload
1295	partial	Myeloma: CNS - 1.	Cerebrospinal fluid cytospin is paucicellular and contains scattered red cells, a few small lymphocytes, degenerated cells, and occasional medium-sized round cells with eccentric nuclei, coarse chromatin and moderate gray-blue cytoplasm resembling plasma cells. Given the low magnification, perinuclear hofs and nucleoli cannot be reliably assessed, and immunophenotypic confirmation (e.g., flow cytometry for CD138/CD38 with light chain restriction) is recommended. In a patient with plasma cell myeloma, the presence of plasma cells in CSF is suggestive of CNS involvement by myeloma.	https://imagebank.hematology.org/image/1295/myeloma-cns--1?type=upload
1302	partial	Bone marrow germinal center - 1.	Bone marrow core biopsy shows normocellular marrow with trilineage hematopoiesis and a single large, well-circumscribed intertrabecular lymphoid aggregate. The aggregate is composed mainly of small lymphocytes with a slightly paler central zone and small vessels, but a definite germinal center with centroblasts and tingible-body macrophages cannot be confirmed at this magnification. There is no paratrabecular or diffuse interstitial lymphoid infiltration. Findings are consistent with a reactive lymphoid aggregate, possibly with germinal center formation; immunohistochemistry is helpful to confirm.	https://imagebank.hematology.org/image/1302/bone-marrow-germinal-center--1?type=upload
1303	partial	Bone marrow germinal center - 2.	Bone marrow core biopsy at intermediate power shows a dense lymphoid aggregate composed predominantly of small, mature-appearing lymphocytes with round hyperchromatic nuclei. The central area is slightly looser with interspersed red cells and small vessels; distinct germinal center cells (centroblasts, tingible-body macrophages) are not clearly resolved at this magnification. No large atypical cells or sheets of blasts are identified. Findings are suggestive of a benign lymphoid aggregate/follicle; immunohistochemistry (CD20, CD3, CD10, BCL6, BCL2) would help confirm a reactive germinal center.	https://imagebank.hematology.org/image/1303/bone-marrow-germinal-center--2?type=upload
1310	partial	Acute megakaryocytic leukemia - 1.	Low-power view of a smear, most consistent with peripheral blood or a hemodiluted aspirate, shows numerous nucleated cells that aggregate into small cohesive clusters distributed among red cells, with frequent smudged cells in the background. At this magnification the clustered cells appear to be blasts with dark round nuclei and scant cytoplasm, but cytoplasmic blebs, granules and nucleoli cannot be evaluated. Clumping of blasts is a recognized feature of megakaryoblasts; in a patient with Down syndrome, the findings are suggestive of myeloid leukemia associated with Down syndrome, pending high-power review and flow cytometry for CD41/CD61.	https://imagebank.hematology.org/image/1310/acute-megakaryocytic-leukemia--1?type=upload
1326	partial	Amyloidosis: Acquired Factor X Deficiency - 1.	Clinical photograph of hair-bearing skin shows multiple flat, irregular red-purple purpuric macules and ecchymoses with a streaky, linear arrangement and scattered petechiae. The lesions do not appear raised or necrotic. In systemic AL amyloidosis, cutaneous bleeding results from vascular fragility due to amyloid infiltration of vessel walls and can be aggravated by acquired factor X deficiency from adsorption of factor X onto amyloid fibrils. The photograph is not diagnostic by itself; confirmation requires tissue Congo red staining, a prolonged PT and aPTT with low factor X activity, and a monoclonal protein work-up.	https://imagebank.hematology.org/image/1326/amyloidosis-acquired-factor-x-deficiency--1?type=upload
13267	partial	ALCL with completed erythrophagocytosis	Section (H&E) shows a cellular infiltrate with abundant red cells and small dark nucleated cells. Scattered large cells with abundant eosinophilic cytoplasm and round, vesicular nuclei with small nucleoli are present. Centrally, a large cell with a thick cytoplasmic rim contains a large vacuole filled with pale granular debris, consistent with digested phagocytosed red cells. The image alone cannot establish lineage of the phagocytic cell; in the given context, findings are consistent with anaplastic large cell lymphoma with tumor-cell erythrophagocytosis, which should be confirmed by CD30 and ALK immunohistochemistry.	https://imagebank.hematology.org/image/13267/alcl-with-completed-erythrophagocytosis?type=upload
1329	partial	Amyloidosis: Acquired Factor X Deficiency - 3.	Peripheral blood smear shows red cells of fairly uniform size, many of which contain small, dense, dark inclusions most consistent with Howell-Jolly bodies; occasional target-like cells are also seen. Lymphocytes and scattered platelets are present, and no circulating plasma cells or schistocytes are identified in this field. The low image resolution limits distinction from Pappenheimer bodies or stain precipitate. In a patient with systemic AL amyloidosis, these findings suggest functional hyposplenism from splenic amyloid infiltration; the smear itself is not diagnostic of amyloidosis or factor X deficiency.	https://imagebank.hematology.org/image/1329/amyloidosis-acquired-factor-x-deficiency--3?type=upload
1330	partial	Amyloidosis: Acquired Factor X Deficiency - 4.	Bone marrow aspirate smear shows trilineage hematopoiesis with a centrally placed megakaryocyte and scattered mature-appearing plasma cells (arrows) with eccentric nuclei, clumped chromatin, and perinuclear hofs. The plasma cells lack prominent nucleoli or atypical forms, and a precise percentage cannot be estimated from a single field. No extracellular amyloid is evident on the smear. In a patient with amyloidosis, these findings support an underlying plasma cell dyscrasia; clonality should be established by kappa/lambda immunohistochemistry or flow cytometry, and acquired factor X deficiency is a laboratory finding that cannot be assessed morphologically.	https://imagebank.hematology.org/image/1330/amyloidosis-acquired-factor-x-deficiency--4?type=upload
13325	partial	Lymphocytosis: T-cell large granular lymphocyte leukemia	Peripheral blood smear shows normocytic red cells with mild anisocytosis and no significant polychromasia. A large lymphocyte with abundant cytoplasm containing coarse azurophilic granules is present, alongside two small mature lymphocytes without visible granules. Fine dark dots overlie many red cells and the background, favored to represent stain precipitate rather than basophilic stippling. In a patient with chronic anemia, large granular lymphocytes raise the possibility of T-cell large granular lymphocytic leukemia with associated pure red cell aplasia; a single field cannot establish lymphocytosis, and flow cytometry (CD3+, CD8+, CD57+, CD16+) with TCR gene rearrangement studies is required.	https://imagebank.hematology.org/image/13325/lymphocytosis-tcell-large-granular-lymphocyte-leukemia?type=upload
1346	partial	Thrombotic Thrombocytopenic Purpura - 3.	Low-power bone marrow aspirate smear shows a cellular specimen with numerous hematopoietic cells dispersed among red cells. Megakaryocytes are readily identified and appear normal to increased in number, without obvious clustering. Detailed evaluation of erythroid hyperplasia or megakaryocytic morphology requires higher magnification. Findings are consistent with adequate to increased megakaryopoiesis, supporting a peripheral consumptive cause of thrombocytopenia such as thrombotic thrombocytopenic purpura, but are not specific.	https://imagebank.hematology.org/image/1346/thrombotic-thrombocytopenic-purpura--3?type=upload
1348	partial	Thrombotic Thrombocytopenic Purpura - 5.	Bone marrow biopsy section shows a hypercellular marrow with increased megakaryocytes that are dispersed singly without tight clustering or marked atypia. There is a prominent population of small cells with round, dark nuclei consistent with erythroid hyperplasia, together with maturing granulocytic elements. No infiltrative process is identified in this field. Findings are consistent with reactive megakaryocytic and erythroid hyperplasia secondary to peripheral platelet consumption and hemolysis, as seen in thrombotic thrombocytopenic purpura, and are not specific for TTP.	https://imagebank.hematology.org/image/1348/thrombotic-thrombocytopenic-purpura--5?type=upload
1356	partial	Chronic Lymphocytic Leukemia: Thrombocytopenia - 13.	Low-power H&E section of lymphoid tissue, likely spleen given the title context of thrombocytopenia, shows diffuse effacement by a dense infiltrate of small round lymphocytes. Vague paler zones with slightly larger cells suggest proliferation centers, and sinusoidal/vascular spaces containing red cells are interspersed. No normal germinal centers are identified. The findings are consistent with involvement by chronic lymphocytic leukemia/small lymphocytic lymphoma; thrombocytopenia in CLL may reflect immune-mediated destruction, hypersplenism or marrow infiltration, and confirmation of CD5/CD23 co-expression by immunohistochemistry is advised.	https://imagebank.hematology.org/image/1356/chronic-lymphocytic-leukemia-thrombocytopenia--13?type=upload
13835	partial	Follicular lymphoma - aspirate	Low-power bone marrow aspirate smear shows a cellular particle containing maturing myeloid and erythroid precursors admixed with small lymphoid cells, one of which is indicated by the arrow. The lymphoid cells have dense nuclei and scant cytoplasm, but nuclear clefts cannot be confidently resolved at this magnification. No increase in blasts is evident. Findings are compatible with, but not in themselves diagnostic of, marrow involvement by follicular lymphoma; flow cytometry for a CD10-positive clonal B-cell population and trephine biopsy for paratrabecular aggregates are required.	https://imagebank.hematology.org/image/13835/follicular-lymphoma--aspirate?type=upload
1385	partial	HIV-Related Thrombocytopenia - 9.	Section of lymph node shows an intact capsule and a markedly enlarged follicle with an irregular germinal center, attenuated mantle zone and scattered tingible-body macrophages. Aggregates of small mantle lymphocytes infiltrate and fragment the germinal center (arrow), a pattern termed follicle lysis. No neoplastic infiltrate is identified at this magnification. Findings are consistent with florid follicular hyperplasia with follicle lysis, characteristic of HIV-associated lymphadenopathy; the image does not directly demonstrate thrombocytopenia but reflects the immune dysregulation underlying HIV-related immune thrombocytopenia.	https://imagebank.hematology.org/image/1385/hivrelated-thrombocytopenia--9?type=upload
1412	partial	Multiple Myeloma: Platelet Dysfunction - 5.	Immunohistochemical stain shows sheets of plasmacytoid cells with eccentric nuclei and abundant cytoplasm displaying strong cytoplasmic and membranous positivity, with perinuclear clearing in some cells. Nuclei have vesicular chromatin with occasional small nucleoli. The antibody is not identified in the image; if this represents a single immunoglobulin light chain, the sheet-like positivity would indicate a clonal plasma cell population. The image itself does not demonstrate platelet dysfunction, which in myeloma results from paraprotein coating of platelets and is assessed by functional assays. Findings are consistent with a plasma cell neoplasm (multiple myeloma).	https://imagebank.hematology.org/image/1412/multiple-myeloma-platelet-dysfunction--5?type=upload
1421	partial	Precursor T-Lymphoblastic Leukemia/Lymphoma - 5.	Bone marrow core biopsy at low power shows a hypercellular, packed marrow in which the intertrabecular spaces are diffusely replaced by a monotonous infiltrate of small to medium hyperchromatic cells with high nuclear-to-cytoplasmic ratios. The cells show prominent streaming, likely related to crush artifact, and residual fat and normal hematopoietic elements are not identified. Cytologic detail and lineage cannot be assessed at this magnification. In the appropriate immunophenotypic context (TdT, CD34, cytoplasmic CD3 positive), findings are consistent with involvement by T-lymphoblastic leukemia/lymphoma.	https://imagebank.hematology.org/image/1421/precursor-tlymphoblastic-leukemialymphoma--5?type=upload
1437	partial	Myelodysplastic Syndrome: Refractory Anemia with Ringed Sideroblasts (RARS) - 2.	Bone marrow core biopsy shows a hypercellular marrow with trabecular bone and reduced fat. At high power there is erythroid predominance, with clusters of precursors bearing round, hyperchromatic nuclei, together with coarse brown hemosiderin deposits and occasional megakaryocytes. No increase in blasts is evident on this field. Ring sideroblasts cannot be evaluated on H&E sections; an iron stain on the aspirate and SF3B1 mutation testing are required. Findings are suggestive of erythroid hyperplasia with increased storage iron, in keeping with the provided diagnosis of MDS with ring sideroblasts.	https://imagebank.hematology.org/image/1437/myelodysplastic-syndrome-refractory-anemia-with-ringed-sideroblasts-rars--2?type=upload
1438	partial	Myelodysplastic Syndrome: Refractory Anemia with Ringed Sideroblasts (RARS) - 3.	Bone marrow core biopsy section shows a hypercellular marrow with prominent erythroid precursors, including arrowed large early erythroid cells with round nuclei, open chromatin and single prominent nucleoli, suggestive of megaloblastoid maturation. Occasional mitoses and admixed granulocytic precursors are present. Ring sideroblasts cannot be assessed on H&E; a Prussian blue stain on the aspirate is needed to document the ring sideroblasts required for MDS with ring sideroblasts, and exclusion of an acute erythroid leukemia requires quantitative assessment.	https://imagebank.hematology.org/image/1438/myelodysplastic-syndrome-refractory-anemia-with-ringed-sideroblasts-rars--3?type=upload
1439	partial	Myelodysplastic Syndrome: Refractory Anemia with Ringed Sideroblasts (RARS) - 4.	Bone marrow aspirate composite shows a cellular specimen with trilineage hematopoiesis, including granulocytic precursors at all stages, erythroid precursors and a large megakaryocyte. Arrows highlight precursor cells with irregular nuclear contours or asynchronous nuclear-cytoplasmic maturation, suggesting mild dysplasia, although resolution limits detailed assessment. Blasts are not obviously increased. Ring sideroblasts cannot be evaluated on this Romanowsky stain; a Prussian blue stain showing at least 15% ring sideroblasts (or at least 5% with SF3B1 mutation) is required for MDS with ring sideroblasts.	https://imagebank.hematology.org/image/1439/myelodysplastic-syndrome-refractory-anemia-with-ringed-sideroblasts-rars--4?type=upload
1440	partial	Myelodysplastic Syndrome: Refractory Anemia with Ringed Sideroblasts (RARS) - 5.	Bone marrow aspirate composite shows erythroid predominance with numerous proerythroblasts and basophilic erythroblasts containing deeply basophilic cytoplasm and round nuclei with finely granular, somewhat open chromatin, suggesting megaloblastoid maturation. Polychromatophilic erythroblasts and granulocytic cells, including band forms, are also present. These findings indicate erythroid hyperplasia with dyserythropoiesis. Classification as MDS with ring sideroblasts requires a Prussian blue stain demonstrating ring sideroblasts, which is not shown.	https://imagebank.hematology.org/image/1440/myelodysplastic-syndrome-refractory-anemia-with-ringed-sideroblasts-rars--5?type=upload
1441	partial	Myelodysplastic Syndrome: Refractory Anemia with Ringed Sideroblasts (RARS) - 6.	Composite of bone marrow aspirate fields shows erythroid precursors with megaloblastoid maturation, including large erythroblasts with fine chromatin and deeply basophilic cytoplasm. Several erythroid cells show dyserythropoietic changes such as irregular, multilobated or budding nuclei, and a mitotic figure is present. Granulocytic precursors are also seen. These dyserythropoietic features are compatible with a myelodysplastic neoplasm; demonstration of ring sideroblasts (at least 15%, or at least 5% with SF3B1 mutation) requires an iron stain, which is not shown.	https://imagebank.hematology.org/image/1441/myelodysplastic-syndrome-refractory-anemia-with-ringed-sideroblasts-rars--6?type=upload
1482	partial	Chronic Myelogenous Leukemia - 8.	Smear stained with what appears to be a cytochemical method shows numerous maturing granulocytic cells, including metamyelocytes, bands and segmented forms, most of which lack distinct red reaction product in the cytoplasm. Magenta-red deposits are present at the periphery of the field but cannot be confidently assigned to individual cells. The specific stain is not labeled; if this is a leukocyte alkaline phosphatase stain, the predominance of non-reactive neutrophils would indicate a low LAP score, consistent with chronic myeloid leukemia. Because the stain type and scoring cannot be verified from this image, BCR::ABL1 testing remains the definitive study.	https://imagebank.hematology.org/image/1482/chronic-myelogenous-leukemia--8?type=upload
1549	partial	Pure Red Cell Aplasia (PRCA) –  parvovirus infection - 2.	Bone marrow core biopsy at low power shows preserved architecture with bony trabeculae and hematopoietic marrow admixed with fat, with an estimated cellularity of approximately 40-50%. No focal lesions, fibrosis, or infiltrative process are identified. Lineage composition cannot be evaluated at this magnification. Assessment for pure red cell aplasia requires higher-power review and aspirate correlation to document markedly reduced erythroid precursors and the presence of giant pronormoblasts with viral inclusions; parvovirus B19 immunohistochemistry or PCR would support the diagnosis.	https://imagebank.hematology.org/image/1549/pure-red-cell-aplasia-prca--parvovirus-infection--2?type=upload
1574	partial	Red Blood Cell Diseases (RBC) 1 - 4.	Peripheral blood smear, suboptimally stained with poor contrast, shows mild anisocytosis with a subset of smaller, dense red cells lacking central pallor. Occasional red cells contain small dark punctate inclusions that could represent Howell-Jolly bodies or Pappenheimer bodies, although overlying platelets or stain precipitate cannot be excluded at this quality. No leukocytes are present for assessment. The findings are nonspecific; correlation with red cell indices, reticulocyte count and an iron stain is required to support an underproduction anemia.	https://imagebank.hematology.org/image/1574/red-blood-cell-diseases-rbc-1--4?type=upload
1588	partial	Follicular Lymphoma, Grade 1/3 - 8.	Immunohistochemical stain (red chromogen) of a lymphoid infiltrate shows a dense population of small cells with round to slightly irregular nuclei, a large proportion of which show strong membranous/cytoplasmic positivity arranged in vague nodular aggregates and sheets, with interspersed negative cells and vessels. The antigen is not indicated and the follicular architecture is not clearly evaluable in this field, so the image alone does not establish the diagnosis. In the stated context, findings may represent a B-cell or BCL2 stain in follicular lymphoma, grade 1-2, but correlation with H&E and a full panel (CD20, CD10, BCL6, BCL2, CD21) is required.	https://imagebank.hematology.org/image/1588/follicular-lymphoma-grade-13--8?type=upload
16055	partial	An unusual case of bone marrow involvement in a patient with Primary Mediastinal Germ Cell Tumor	Bone marrow aspirate smears show clusters of large atypical cells with abundant gray-blue, finely vacuolated cytoplasm, large round-oval nuclei with fine chromatin and small nucleoli, forming cohesive aggregates with smaller hematopoietic cells closely apposed. These cells do not resemble normal marrow elements. On morphology alone, metastatic germ cell tumor cells cannot be separated from megakaryoblasts or malignant histiocytes, both of which occur in association with primary mediastinal nonseminomatous germ cell tumors. Findings are suggestive of marrow involvement by a non-hematopoietic or GCT-associated neoplasm; immunophenotyping (SALL4, OCT3/4, CD30, AFP, keratin versus CD41/CD61, CD163) and i(12p) testing are required.	https://imagebank.hematology.org/image/16055/an-unusual-case-of-bone-marrow-involvement-in-a-patient-with-primary-mediastinal-germ-cell-tumor?type=upload
1628	partial	Normal Lymphoid Tissues: Part 3 - 10.	Immunohistochemical stain with a red chromogen on lymphoid tissue shows a diffuse sheet of medium-to-large cells with round to oval nuclei, most of which show membranous and granular cytoplasmic positivity. No clear follicular or zonal pattern is evident in this high-power field. Because the antibody is not specified, the lineage of the positive cells cannot be determined from the image, and a uniformly positive population of larger cells would need to be correlated with the H&E and additional markers before interpreting it as normal (for example, a germinal center) versus a neoplastic infiltrate.	https://imagebank.hematology.org/image/1628/normal-lymphoid-tissues-part-3--10?type=upload
1630	partial	Normal Lymphoid Tissues: Part 3 - 3.	Section at high power shows an aggregate of large cells with abundant pale eosinophilic cytoplasm, indistinct cell borders and irregular, folded to grooved or lobulated nuclei with vesicular chromatin and small nucleoli. Small lymphocytes are sparse, and fibrous stroma is present at the right edge. Significant mitotic activity or marked pleomorphism is not seen. The cells have a histiocytic/dendritic cell appearance, as seen with sinus histiocytes, interdigitating dendritic cells or Langerhans cells in lymphoid tissue; precise identification requires immunohistochemistry (CD68/CD163, S100, CD1a, langerin).	https://imagebank.hematology.org/image/1630/normal-lymphoid-tissues-part-3--3?type=upload
1639	partial	Normal Lymphoid Tissues: Part 4 - 2.	Immunohistochemical stain (antigen not specified) on normal lymphoid tissue shows a secondary follicle with a pale germinal center and a dense mantle zone that are largely unstained, whereas faint brown positivity is concentrated in the interfollicular and paracortical regions, with a vessel crossing the field. The chromogen signal is weak and the counterstain heavy, so the intensity and subcellular pattern cannot be reliably assessed. The compartmental distribution most closely fits a T-zone marker, but the specific antigen cannot be determined from this image. The findings illustrate preserved normal lymphoid compartmentalization.	https://imagebank.hematology.org/image/1639/normal-lymphoid-tissues-part-4--2?type=upload
1665	partial	Plasma cell - 1.	Bone marrow aspirate smear shows a group of cells including forms with eccentric round nuclei, coarse clumped chromatin, and grey-blue to basophilic cytoplasm consistent with plasma cells. A large cell at the lower left has abundant vacuolated cytoplasm with an eccentric nucleus, and a central cell with pale vacuolated cytoplasm is overlapped by several nuclei, which limits confident assignment of individual cells. A well-defined perinuclear hof is not clearly seen in every cell. Findings are consistent with plasma cells in a marrow aspirate; quantitation and light chain studies would be required to assess for a plasma cell neoplasm.	https://imagebank.hematology.org/image/1665/plasma-cell--1?type=upload
1704	partial	Acute Biphenotypic Leukemia - 7.	Bone marrow aspirate smear shows a mixed population of hematopoietic cells, including maturing granulocytes (bands and segmented forms), abundant erythroid precursors with dense round nuclei, and scattered larger immature cells with fine chromatin. Fat vacuoles and red cells are present in the background. A monotonous population of blasts is not seen in this field, so the image does not by itself demonstrate acute leukemia as the title implies; it may represent a regenerating or post-treatment marrow or a less-involved area. A formal blast count and flow cytometric assessment for residual disease are required.	https://imagebank.hematology.org/image/1704/acute-biphenotypic-leukemia--7?type=upload
1708	partial	Plasmacytoid lymphocyte - 1.	Peripheral blood smear shows a small-to-medium lymphocyte with a round nucleus, clumped chromatin and a rim of moderately basophilic cytoplasm. The nucleus is nearly central and a perinuclear hof is not appreciated, so plasmacytoid features (eccentric nucleus, abundant deep-blue cytoplasm) are only subtle in this cell. Surrounding red cells are unremarkable apart from occasional small dot-like inclusions. Findings are compatible with a reactive lymphocyte with mild plasmacytoid differentiation; a single cell cannot establish a clonal process.	https://imagebank.hematology.org/image/1708/plasmacytoid-lymphocyte--1?type=upload
1721	partial	Aneuploid cell - 1.	Peripheral blood smear shows a binucleate cell with two separate, similarly sized nuclei containing coarsely clumped chromatin and a moderate rim of deeply basophilic cytoplasm with peripheral accentuation. No nucleoli, granules, or vacuoles are seen. The appearance resembles a binucleate reactive (plasmacytoid) lymphocyte, a cell that may result from abnormal mitosis or failed cytokinesis. Ploidy cannot be determined from morphology; the designation 'aneuploid cell' requires cytogenetic or DNA content correlation, so the image only partially supports the title.	https://imagebank.hematology.org/image/1721/aneuploid-cell--1?type=upload
17751	partial	Touch imprint matters…	Panel A shows a bone marrow touch imprint containing clusters of medium-to-large mononuclear cells with round nuclei, moderate grey-blue cytoplasm and occasional perinuclear or peripheral cytoplasmic clearing, admixed with a few small lymphocytes. Panel B shows the corresponding trephine biopsy, which is diffusely packed with a monotonous cellular infiltrate replacing normal fat and hematopoiesis, with cells separated by clear cytoplasmic spaces. Image resolution precludes assessment of fine nuclear detail and definitive lineage assignment. The figure illustrates that when a packed or fibrotic marrow yields a dry tap, a touch imprint of the core provides cytologic material; findings indicate a diffuse marrow-replacing infiltrate requiring immunophenotyping for classification.	https://imagebank.hematology.org/image/17751/touch-imprint-matters?type=upload
1776	partial	Neuroblastoma - pleural fluid - 4.	Cytospin preparation of pleural fluid shows low cellularity, with a small group of large cells having abundant vacuolated cytoplasm with ruffled borders and round central nuclei with small nucleoli, accompanied by vacuolated macrophages, a neutrophil and scattered red cells. The morphology in this field favors reactive mesothelial cells and histiocytes. No cohesive clusters of small round cells characteristic of metastatic neuroblastoma are present in this field; the image therefore only partially supports the stated diagnosis, and review of additional fields and immunocytochemistry would be required.	https://imagebank.hematology.org/image/1776/neuroblastoma--pleural-fluid--4?type=upload
1792	partial	Gaucher's Disease - 4.	Cytochemically stained smear (reaction likely PAS or acid phosphatase; exact stain not specified) shows a single large cell with abundant cytoplasm displaying strong, diffuse magenta-purple granular to fibrillary positivity, with surrounding yellow-counterstained erythrocytes. The nucleus is largely obscured, and the striated cytoplasmic texture seen on Romanowsky stains cannot be evaluated here. Strong cytoplasmic positivity in a large histiocyte is consistent with a Gaucher cell in the given context; the diagnosis should be confirmed by glucocerebrosidase assay or GBA1 testing.	https://imagebank.hematology.org/image/1792/gauchers-disease--4?type=upload
1803	partial	Paraneoplastic hypercalcemia in Diffuse Large B-Cell NHL - 10.	Low-power H&E section of a bone biopsy shows bony trabeculae with an intertrabecular marrow space that is replaced by a dense cellular infiltrate, with loss of normal fat and hematopoietic elements. Dense parallel fibrocollagenous tissue is present at the left, and crushed spindled cells are seen at the lower interface. Cytologic detail is limited at this magnification, so the cell type cannot be determined from this field alone. In the clinical context, findings are compatible with marrow and bone involvement by diffuse large B-cell lymphoma, which requires high-power morphology and immunohistochemistry for confirmation.	https://imagebank.hematology.org/image/1803/paraneoplastic-hypercalcemia-in-diffuse-large-bcell-nhl--10?type=upload
1809	partial	Paraneoplastic hypercalcemia in Diffuse Large B-Cell NHL - 6.	Immunohistochemical stain (antigen not specified) shows sheets of discohesive medium to large round cells with strong, diffuse membranous and cytoplasmic positivity in nearly all neoplastic cells, with occasional interspersed negative cells and small vessels. The nuclei are round to oval and larger than those of small lymphocytes. The diffuse, uniform staining of a sheet-like large-cell population is typical of a lineage marker such as CD20 in diffuse large B-cell lymphoma, but the specific antigen cannot be confirmed from the image. Findings are supportive of the reported diagnosis of diffuse large B-cell lymphoma.	https://imagebank.hematology.org/image/1809/paraneoplastic-hypercalcemia-in-diffuse-large-bcell-nhl--6?type=upload
1884	partial	Hairy Cell Leukemia - 11.	Smear shows a single pale mononuclear cell with purple granular deposits concentrated at the periphery of the cytoplasm and a poorly delineated nucleus. Distinct hairy cytoplasmic projections are not evident, and the staining pattern raises the possibility of a cytochemical preparation rather than a routine Romanowsky stain. The surrounding red cells show slit-like central pallor, likely artifactual. Morphology in this single field is not diagnostic on its own; correlation with TRAP cytochemistry and flow cytometry (CD11c, CD25, CD103, CD123) is required to support hairy cell leukemia.	https://imagebank.hematology.org/image/1884/hairy-cell-leukemia--11?type=upload
18913	partial	Concomitant microfilaria and malaria infection	Peripheral blood films show microfilariae: panel A contains a coiled larva with a column of densely packed nuclei enclosed by a pale sheath, and panel B shows an undulating larva in a thinner area of the film. The tail region and cephalic space cannot be evaluated at this magnification, so species identification (e.g., Wuchereria bancrofti versus Brugia malayi) is not possible from this image. Malaria parasites are not clearly identified in these panels, so the concomitant Plasmodium infection must be documented on separate fields or by antigen testing. Findings are consistent with sheathed microfilaremia, most likely lymphatic filariasis in this clinical setting.	https://imagebank.hematology.org/image/18913/concomitant-microfilaria-and-malaria-infection?type=upload
1916	partial	Acute Basophilic Leukemia - 2.	Peripheral blood smear shows several granulated cells with abundant coarse, dark basophilic granules that overlie the nucleus. Nuclei range from round to lobulated, and nuclear detail is largely obscured by the granules. Most cells at this field resemble basophils rather than unequivocal blasts, so blast enumeration and immunophenotyping (CD123, CD203c, CD13/CD33 with CD117 negativity) are needed. In the appropriate clinical and immunophenotypic context, findings are suggestive of acute basophilic leukemia, after exclusion of BCR-ABL1-positive CML.	https://imagebank.hematology.org/image/1916/acute-basophilic-leukemia--2?type=upload
1952	partial	Angioimmunoblastic T Cell Lymphoma - 12.	Very low-power immunohistochemical stain (antibody not labeled) of a lymph node shows multiple irregular, geographic tan-staining zones of variable size separated by paler areas with scattered hematoxylin-stained nuclei. The stained zones are irregular rather than round and discrete. Owing to low contrast and resolution, the cellular localization of staining cannot be assessed and the antibody cannot be inferred with confidence. If this represents a follicular dendritic cell marker such as CD21 or CD23, the irregular expanded pattern would support angioimmunoblastic T-cell lymphoma.	https://imagebank.hematology.org/image/1952/angioimmunoblastic-t-cell-lymphoma--12?type=upload
1953	partial	Angioimmunoblastic T Cell Lymphoma - 13.	Low-power immunohistochemical stain (antibody not labeled) of a lymph node shows positive small lymphoid cells arranged in irregular, geographic aggregates and sheets, including around thick-walled hyalinized vessels, with scattered positive cells in intervening large pale areas that are largely negative. Normal compartmentalization of follicles and paracortex is not evident. Because the antibody is not identified, the lineage of the positive population cannot be determined from this image alone; in context it most likely highlights a lymphoid subset in the disrupted architecture of angioimmunoblastic T-cell lymphoma.	https://imagebank.hematology.org/image/1953/angioimmunoblastic-t-cell-lymphoma--13?type=upload
1963	partial	Angioimmunoblastic T Cell Lymphoma - 9.	Peripheral blood smear shows an atypical lymphoid cell with an irregular, folded and lobulated nucleus, coarsely clumped chromatin, and a moderate amount of deeply basophilic, finely vacuolated cytoplasm. The red cells are normochromic and a small platelet clump is present. This cell has plasmacytoid or immunoblastic features; such circulating atypical lymphoid cells and plasmacytoid cells may be seen in angioimmunoblastic T-cell lymphoma, but the morphology is not specific and requires flow cytometry (for example CD10-positive, surface CD3-negative T cells) for interpretation.	https://imagebank.hematology.org/image/1963/angioimmunoblastic-t-cell-lymphoma--9?type=upload
19635	partial	Light chain deposition	Kidney biopsy stained with H&E shows proximal tubules with epithelial cells distended by abundant bright eosinophilic, fractured-appearing cytoplasmic material, with focal vacuolization and cell sloughing and mild interstitial edema. Electron microscopy demonstrates numerous electron-dense rhomboid and polygonal crystalline inclusions filling the cytoplasm of the tubular epithelial cells. The powdery, non-crystalline linear deposits along tubular and glomerular basement membranes that define light chain deposition disease are not shown in these panels, so the image is only partially concordant with the title. Findings are consistent with a monoclonal light chain-related tubulopathy with intracellular crystals (light chain proximal tubulopathy/crystal-storing pattern) in the setting of an IgG monoclonal gammopathy; immunofluorescence for kappa and lambda is required to confirm light chain restriction.	https://imagebank.hematology.org/image/19635/light-chain-deposition?type=upload
1982	partial	Aplastic Crisis in a Patient with Sickle Cell Disease - 3.	Section shows large rounded empty spaces separated by thin septa that contain sparse nucleated cells and abundant sickled erythrocytes. Vascular channels are distended and packed with aggregates of elongated sickle-shaped red cells (thick arrow), and individual sickle forms are scattered in the stroma (thin arrow). Active hematopoietic precursors, including the giant pronormoblasts of parvovirus B19 infection, are not evident in this field; tissue site cannot be determined with certainty from this image. Findings are consistent with sickle cell disease with in situ sickling and vaso-occlusion, compatible with a hypocellular marrow in the setting of aplastic crisis.	https://imagebank.hematology.org/image/1982/aplastic-crisis-in-a-patient-with-sickle-cell-disease--3?type=upload
2019	partial	Toxoplasmosis - 5.	Immunohistochemical stain (antibody not specified) shows a band-like zone of cells with abundant pale cytoplasm displaying membranous and reticular cytoplasmic positivity, with largely negative adjacent tissue. The counterstain is faint and nuclear morphology cannot be assessed. The distribution suggests highlighting of a sinusoidal population such as monocytoid B cells or histiocytes in toxoplasma lymphadenitis, but the specific marker and cell type cannot be determined from this image alone; no organisms are identifiable.	https://imagebank.hematology.org/image/2019/toxoplasmosis--5?type=upload
2024	partial	Gaucher Disease - 3.	Smear (probably bone marrow aspirate) shows a large aggregate of cells with abundant pale blue cytoplasm and indistinct borders, containing numerous small, eccentric, irregular nuclei, with scattered vacuoles and stretched crush artifact. The distinctive fibrillary, crumpled tissue paper texture of Gaucher cell cytoplasm is not clearly resolved at this resolution, so the morphology alone is only suggestive. In the proper clinical context the findings are consistent with clusters of Gaucher cells; confirmation by glucocerebrosidase enzyme assay or GBA1 genotyping is recommended.	https://imagebank.hematology.org/image/2024/gaucher-disease--3?type=upload
20380	partial	Visceral leishmaniasis involving the bone marrow	The smear shows a disrupted macrophage with numerous small round-to-oval intracellular and extruded organisms measuring roughly 2-4 µm, and a second cell containing several similar bodies; adjacent mononuclear cells lack organisms. At this resolution the characteristic nucleus and rod-shaped kinetoplast of each organism are not clearly resolved. The field has sparse nucleated cells in a red cell monolayer, resembling a peripheral blood film or a thin area of an aspirate smear rather than a cellular marrow particle. Findings are consistent with Leishmania amastigotes and support visceral leishmaniasis; confirmation by PCR, culture, or serology is recommended.	https://imagebank.hematology.org/image/20380/visceral-leishmaniasis-involving-the-bone-marrow?type=upload
20381	partial	AML and Hgb E	Peripheral blood smear shows marked leukocytosis composed predominantly of medium-to-large blasts with fine chromatin, visible nucleoli and basophilic cytoplasm, some forming clusters. The background red cells are microcytic with anisopoikilocytosis and occasional target cells. The bone marrow aspirate shows sheets of similar blasts, and a cytochemical stain highlights granular positivity in a subset of blasts, supporting myeloid lineage. Findings are consistent with acute myeloid leukemia; the microcytic target cell picture could reflect hemoglobin E, which must be confirmed by hemoglobin HPLC or electrophoresis.	https://imagebank.hematology.org/image/20381/aml-and-hgb-e?type=upload
2051	partial	Follicular Lymphoma - 10.	Low-power immunohistochemical stain of a lymph node shows effacement of architecture by numerous closely packed, relatively uniform follicles that stain more intensely than the internodular areas. The specific antibody is not indicated, and diffuse background staining reduces contrast; cytologic detail cannot be assessed. If this represents BCL2, positivity within germinal center-like nodules supports neoplastic follicles, as reactive germinal centers are BCL2-negative. Findings are consistent with a follicular growth pattern in keeping with follicular lymphoma.	https://imagebank.hematology.org/image/2051/follicular-lymphoma--10?type=upload
2070	partial	Burkitt Lymphoma - 6.	Cytologic preparation shows a population of medium to large atypical lymphoid cells with round to irregular nuclei, finely dispersed chromatin, small nucleoli and scant basophilic cytoplasm, admixed with numerous neutrophils. The classic deeply basophilic cytoplasm with sharply punched-out lipid vacuoles is not convincingly demonstrated, and cell preservation is suboptimal. The atypical cells are compatible with a high-grade lymphoma, but the morphology in this field is not specific for Burkitt lymphoma; confirmation requires immunophenotyping (CD10+, BCL2-, Ki-67 near 100%) and MYC rearrangement studies.	https://imagebank.hematology.org/image/2070/burkitt-lymphoma--6?type=upload
2108	partial	Dohle Bodies - 5.	Peripheral blood smear at oil immersion shows a hyposegmented neutrophil with coarse chromatin and fine purple cytoplasmic granules on a faintly grayish-blue cytoplasm. A discrete Döhle body is not clearly identifiable in this image, although subtle cytoplasmic basophilia may be present. Red cells show refractile drying artifact. Findings are only partially consistent with the labeled Döhle body; mild reactive neutrophil changes of this type are common in normal pregnancy.	https://imagebank.hematology.org/image/2108/dohle-bodies--5?type=upload
2120	partial	Autoimmune Lymphoproliferative Syndrome - 1.	Low-power H&E section of lymph node shows diffuse expansion of the nodal parenchyma, with a mottled pattern of paler zones rich in small vascular channels consistent with paracortical expansion. Well-formed secondary follicles are not apparent in this field, and a fibrous trabecula is present. Cellular composition, including the double-negative T cells characteristic of ALPS, cannot be judged at this magnification and would require high-power review and immunophenotyping (CD3+, CD4-, CD8-, TCR alpha/beta+). Findings are compatible with paracortical hyperplasia as seen in autoimmune lymphoproliferative syndrome, but are not specific.	https://imagebank.hematology.org/image/2120/autoimmune-lymphoproliferative-syndrome--1?type=upload
2124	partial	Autoimmune Lymphoproliferative Syndrome - 4.	Low-power immunohistochemical stain of a lymph node shows preserved architecture with multiple strongly positive nodules corresponding to follicles, separated by broad, expanded interfollicular/paracortical zones that contain only scattered positive cells. The antibody is not specified in the image; the follicular distribution suggests a B-cell marker such as CD20, which would indicate that the expanded paracortex is composed of non-B cells. The architecture is not effaced. In the appropriate clinical context, the pattern of follicular hyperplasia with marked paracortical expansion is consistent with autoimmune lymphoproliferative syndrome, pending demonstration of CD4-/CD8- TCRαβ+ double-negative T cells.	https://imagebank.hematology.org/image/2124/autoimmune-lymphoproliferative-syndrome--4?type=upload
2126	partial	Autoimmune Lymphoproliferative Syndrome - 6.	Low-power immunohistochemical stain of lymph node shows negative follicles separated by an expanded interfollicular compartment containing a prominent positive meshwork of linear and ring-like profiles, suggestive of a rich vascular or stromal network, along with scattered positive single cells. The antibody is not labeled, which precludes precise interpretation. This pattern highlights paracortical expansion with vascular proliferation, which can accompany the florid reactive changes of autoimmune lymphoproliferative syndrome, but it is not specific; diagnosis depends on demonstration of TCRαβ+ CD4-/CD8- double-negative T cells.	https://imagebank.hematology.org/image/2126/autoimmune-lymphoproliferative-syndrome--6?type=upload
2127	partial	Autoimmune Lymphoproliferative Syndrome - 7.	Low-power immunohistochemical stain of a lymph node (antibody not specified in the image) shows numerous positive small cells concentrated in expanded interfollicular and paracortical regions, with focal dense aggregates, while multiple round follicle-like areas are largely negative. The distribution indicates an expanded T-zone or interfollicular population rather than follicular involvement. In autoimmune lymphoproliferative syndrome, paracortical T cells are increased and a large fraction are CD4- CD8- double-negative T cells; interpretation requires the corresponding CD3, CD4 and CD8 stains and flow cytometry.	https://imagebank.hematology.org/image/2127/autoimmune-lymphoproliferative-syndrome--7?type=upload
2129	partial	Autoimmune Lymphoproliferative Syndrome - 9.	Low-power immunohistochemical stain of lymphoid tissue shows a preserved, vaguely nodular architecture, with nodules containing aggregates of positive cells and scattered positive cells in the intervening compartments. The antibody is not specified, and the weak staining intensity and low magnification limit interpretation of which compartment is expanded. In the appropriate clinical setting, a reactive-appearing pattern like this is compatible with autoimmune lymphoproliferative syndrome, but diagnosis requires demonstration of expanded TCRαβ+ CD4-/CD8- double-negative T cells and supportive genetic or biomarker studies.	https://imagebank.hematology.org/image/2129/autoimmune-lymphoproliferative-syndrome--9?type=upload
2139	partial	Acute Myeloid Leukemia with Multilineage Dysplasia - 1.	Bone marrow aspirate smear shows several blasts with round nuclei, fine chromatin, and moderate deeply basophilic cytoplasm, admixed with a hypogranular myeloid cell with abnormal nuclear lobation and erythroid precursors showing irregular nuclear contours. Small lymphocytes and late normoblasts are also present. The degree of multilineage dysplasia cannot be quantified from this single field. Findings are suggestive of acute myeloid leukemia with dysplastic features, compatible with AML with myelodysplasia-related changes when blast count and lineage dysplasia criteria are met.	https://imagebank.hematology.org/image/2139/acute-myeloid-leukemia-with-multilineage-dysplasia--1?type=upload
2140	partial	Acute Myeloid Leukemia with Multilineage Dysplasia - 2.	Bone marrow aspirate smear at medium power is cellular, with numerous blasts with fine chromatin and basophilic cytoplasm admixed with many erythroid precursors, including small dense late normoblasts, and scattered granulated myeloid precursors. A few cells show irregular nuclear contours suggestive of dysplasia, but detailed dysplastic features cannot be fully assessed at this magnification. Findings are consistent with acute myeloid leukemia with a prominent erythroid component; classification as AML with myelodysplasia-related changes depends on blast count and multilineage dysplasia quantification.	https://imagebank.hematology.org/image/2140/acute-myeloid-leukemia-with-multilineage-dysplasia--2?type=upload
2141	partial	Acute Myeloid Leukemia with Multilineage Dysplasia - 3.	Hemodilute smear at low-to-medium power shows scattered large blasts with round nuclei and basophilic cytoplasm, monocytoid cells with folded nuclei, occasional late erythroid precursors, and small lymphocytes. A neutrophil with hypogranular cytoplasm and abnormal nuclear segmentation is present. The magnification and hemodilution limit reliable assessment of multilineage dysplasia and blast percentage. Findings are suggestive of acute myeloid leukemia with dysplastic features and should be correlated with a cellular aspirate and genetic studies for classification as AML with myelodysplasia-related changes.	https://imagebank.hematology.org/image/2141/acute-myeloid-leukemia-with-multilineage-dysplasia--3?type=upload
2142	partial	Acute Myeloid Leukemia with Multilineage Dysplasia - 4.	Thin smear area shows several blasts with round to oval nuclei, fine chromatin, and moderate basophilic cytoplasm, together with a coarsely granulated promyelocyte-like cell, a monocytoid cell with abundant pale vacuolated cytoplasm, and a small lymphocyte. The red cells are in a monolayer with mild anisocytosis. Definite multilineage dysplasia is not demonstrable in this limited field. Findings support an acute myeloid leukemia; the subclassification as AML with multilineage dysplasia requires evaluation of dysplasia across the whole aspirate.	https://imagebank.hematology.org/image/2142/acute-myeloid-leukemia-with-multilineage-dysplasia--4?type=upload
2180	partial	Enteropathy Type T Cell Lymphoma - 3.	Low-power section of small intestine shows mucosa with finger-like villi of mildly variable height, crypts with goblet cells, and a moderate lymphoplasmacytic infiltrate in the lamina propria. Submucosal adipose tissue and glands are present at the top of the field. No ulceration, mass lesion or transmural atypical lymphoid infiltrate is identified, and intraepithelial lymphocytes cannot be assessed at this magnification. The image is not diagnostic of enteropathy-associated T-cell lymphoma on its own and likely represents non-tumoral mucosa; correlation with the tumor sections and CD3/CD8 immunostains is needed.	https://imagebank.hematology.org/image/2180/enteropathy-type-t-cell-lymphoma--3?type=upload
2181	partial	Enteropathy Type T Cell Lymphoma - 4.	High-power section of small-intestinal mucosa shows a villus lined by columnar enterocytes with goblet cells and scattered intraepithelial lymphocytes. The lamina propria is edematous and contains scattered lymphocytes, plasma cells and occasional eosinophils. No sheets of atypical lymphoid cells or mucosal destruction are identified in this field, and villous architecture of the illustrated villus is relatively preserved. These findings may represent mucosa adjacent to enteropathy-associated T-cell lymphoma, but are not diagnostic by themselves; quantification of intraepithelial lymphocytes with CD3/CD8 and evaluation of the tumor are required.	https://imagebank.hematology.org/image/2181/enteropathy-type-t-cell-lymphoma--4?type=upload
2197	partial	Toxoplasmosis - 1.	Smear (likely marrow or body fluid) shows a single histiocyte-like cell with an irregular, crumpled nucleus and pale foamy cytoplasm. A band-like basophilic structure overlies the nucleus and could represent intracellular organisms; however, the staining is faint and individual crescent-shaped tachyzoites with discrete nuclei cannot be clearly resolved at this resolution. No free extracellular organisms are identified. The image is of limited diagnostic value on its own and is only suggestive of Toxoplasma infection; confirmation by serology, PCR or immunohistochemistry is required.	https://imagebank.hematology.org/image/2197/toxoplasmosis--1?type=upload
2198	partial	Toxoplasmosis - 2.	Smear at oil immersion shows a single small leukocyte, approximately the size of an adjacent red cell, with an irregular lobulated nucleus, coarse clumped chromatin, and cytoplasm containing fine pinkish-purple granules and a small dark punctate inclusion. The appearance is most in keeping with a granulocyte. No crescent-shaped tachyzoites with discrete nuclei are identified, so the image does not itself demonstrate Toxoplasma organisms. The diagnosis of toxoplasmosis must rest on serology, PCR or tissue immunohistochemistry.	https://imagebank.hematology.org/image/2198/toxoplasmosis--2?type=upload
2199	partial	Toxoplasmosis - 3.	Smear at high magnification shows a mononuclear cell containing two irregular, dense nucleus-like masses in pale finely granular cytoplasm, with a small dark cytoplasmic inclusion. An adjacent disrupted cell releases fine granular material, and nearby monocytoid cells have folded nuclei. Although the clustered chromatin-rich material may represent intracellular organisms, discrete crescent-shaped tachyzoites with single central nuclei cannot be confidently identified. The image is suggestive at most of Toxoplasma infection and requires confirmation by serology, PCR or immunostaining.	https://imagebank.hematology.org/image/2199/toxoplasmosis--3?type=upload
22440	partial	Paroxysmal nocturnal hemoglobinuria and its complications	Serial bone marrow aspirates and trephine biopsies are shown. The 2002 aspirate and biopsy show preserved cellularity with erythroid precursor clusters and trilineage hematopoiesis. The 2013 aspirate contains more fat and fewer hematopoietic elements, and the corresponding biopsy is markedly hypocellular, consisting predominantly of adipose tissue between bony trabeculae with only scant residual hematopoiesis. No blast increase or infiltrative process is seen at this magnification. In a patient with paroxysmal nocturnal hemoglobinuria, findings are consistent with progression to marrow hypoplasia (aplastic anemia/PNH overlap); the PNH clone itself must be documented by flow cytometry.	https://imagebank.hematology.org/image/22440/paroxysmal-nocturnal-hemoglobinuria-and-its-complications?type=upload
2338	partial	Plasmodium Vivax - 1.	Peripheral blood smear at low-to-medium power shows a single red cell containing a small ring-form parasite (arrow) with a delicate blue cytoplasmic ring and chromatin dot. The infected cell is not distinctly enlarged and no stippling, trophozoites, schizonts or gametocytes are visible in this field; red cells and neutrophils are otherwise unremarkable. Findings indicate Plasmodium infection; a single ring form does not permit speciation, so the diagnosis of P. vivax requires additional forms on thin film review, rapid antigen testing or PCR, and parasitemia should be quantified.	https://imagebank.hematology.org/image/2338/plasmodium-vivax--1?type=upload
2341	partial	Plasmodium Vivax - 4.	Peripheral blood smear shows a compact round body, smaller than an adjacent red cell, containing numerous punctate purple chromatin dots and associated with a pale, ghost-like host cell outline. The appearance is suggestive of a Plasmodium schizont with multiple merozoites or a parasite released from a lysed red cell. Malarial pigment, Schüffner stippling and host cell enlargement cannot be confidently assessed, and no other parasitized cells are present in this field. Findings are suggestive of, but not by themselves diagnostic of, Plasmodium vivax infection; species confirmation requires review of additional parasite stages on thick and thin films or PCR.	https://imagebank.hematology.org/image/2341/plasmodium-vivax--4?type=upload
23547	partial	Melanin inclusions in the neutrophils of a patient  with metastatic melanoma.	Peripheral blood smear shows a phagocytic leukocyte with an indented, non-segmented nucleus and pale, finely granular cytoplasm containing multiple coarse, irregular blue-black inclusions of variable size. The inclusions are distinctly larger and darker than toxic granulation or normal azurophilic granules. The nuclear shape of this particular cell is closer to a band neutrophil or monocyte than to a segmented neutrophil. Background red cells show refractile drying artifact without parasites. In a patient with metastatic melanoma, findings are consistent with phagocytosed melanin pigment in circulating phagocytes (melanin-laden leukocytes); a Fontana-Masson stain can confirm melanin.	https://imagebank.hematology.org/image/23547/melanin-inclusions-in-the-neutrophils-of-a-patient-with-metastatic-melanoma?type=upload
2388	partial	Metastatic Neuroblastoma - 6.	Bone marrow core biopsy (H&E) shows a central aggregate of intermediate-sized cells with round to oval nuclei, finely dispersed pale chromatin, and scant ill-defined cytoplasm, with mitotic figures, surrounded by residual granulocytic and eosinophilic hematopoiesis. Homer Wright rosettes and fibrillary neuropil are not identified, so on morphology alone the infiltrate cannot be distinguished from a hematolymphoid blast population. Immunohistochemistry (PHOX2B, synaptophysin, chromogranin, with negative CD45/TdT) and urine catecholamines are required. With that support, the infiltrate is compatible with metastatic neuroblastoma.	https://imagebank.hematology.org/image/2388/metastatic-neuroblastoma--6?type=upload
2425	partial	Herpes Zoster Lymphadenitis - 2.	Lymph node section shows a polymorphous infiltrate composed of small lymphocytes, numerous medium to large activated lymphoid cells with vesicular nuclei and small nucleoli, and admixed epithelioid histiocytes. A few cells have cleared, glassy-appearing nuclei suggestive of possible viral cytopathic change, although definite Cowdry A inclusions or multinucleation cannot be confirmed at this resolution. There are no monotonous sheets of atypical cells. The appearance is that of an atypical reactive immunoblastic lymphadenitis compatible with herpes zoster lymphadenitis in the right clinical setting; VZV immunohistochemistry or PCR is needed for confirmation.	https://imagebank.hematology.org/image/2425/herpes-zoster-lymphadenitis--2?type=upload
2480	partial	Juvenile Myelomonocytic Leukemia - 3.	Peripheral blood smear shows a mature-appearing monocyte with abundant grey-blue cytoplasm and a folded, reniform nucleus with lacy chromatin, accompanied by two segmented neutrophils. Red cells show mild anisocytosis with occasional target cells and an echinocyte, and platelets are present in small numbers. No blasts are seen in this field. A single monocyte is nonspecific, but an absolute monocytosis in a young child is a required criterion for juvenile myelomonocytic leukemia and should prompt a full differential count and molecular evaluation.	https://imagebank.hematology.org/image/2480/juvenile-myelomonocytic-leukemia--3?type=upload
2482	partial	Juvenile Myelomonocytic Leukemia - 5.	Peripheral blood smear shows marked anisopoikilocytosis with ovalocytes, occasional teardrop cells, small fragmented forms and an echinocyte, with variable central pallor. No leukocytes or platelets are included in this field, so the white cell and platelet findings that define juvenile myelomonocytic leukemia cannot be assessed. The red cell changes are nonspecific; they may be seen in JMML, but the diagnosis requires monocytosis, circulating immature myeloid and nucleated red cells, and supporting laboratory and genetic findings.	https://imagebank.hematology.org/image/2482/juvenile-myelomonocytic-leukemia--5?type=upload
2483	partial	Juvenile Myelomonocytic Leukemia - 6.	Peripheral blood smear at high power shows red cells with mild anisocytosis and scattered small nucleated cells with dense chromatin and scant cytoplasm, most suggestive of nucleated red blood cells or small lymphocytes; cytoplasmic detail is insufficient to separate them with confidence. Platelets are sparse. No monocytes or blasts are present in this field. These findings are nonspecific but can be seen in juvenile myelomonocytic leukemia, where circulating nucleated red cells and thrombocytopenia accompany monocytosis.	https://imagebank.hematology.org/image/2483/juvenile-myelomonocytic-leukemia--6?type=upload
2484	partial	Juvenile Myelomonocytic Leukemia - 7.	Peripheral blood smear shows two eosinophils with bilobed nuclei and coarse cytoplasmic granules, a small mature lymphocyte, and red cells with mild anisopoikilocytosis. Monocytosis, circulating myeloid precursors, blasts, and nucleated red cells are not seen in this limited field. The eosinophilia is a non-specific finding. Diagnosis of juvenile myelomonocytic leukemia requires an absolute monocyte count of at least 1 x10^9/L, splenomegaly, and a RAS-pathway mutation (PTPN11, KRAS, NRAS, CBL, or NF1), which cannot be established from this image.	https://imagebank.hematology.org/image/2484/juvenile-myelomonocytic-leukemia--7?type=upload
2499	partial	Langerhans Cell Histiocytosis - 2.	Section at low to intermediate power shows sheets of cells with abundant pale eosinophilic cytoplasm and well-defined borders, admixed with numerous eosinophils, and a central aggregate of small lymphocytes containing a few larger cells. Nuclear detail, including the characteristic grooved or coffee-bean nuclei, cannot be assessed at this magnification. Necrosis or eosinophilic abscesses are not clearly seen in this field. Findings are suggestive of Langerhans cell histiocytosis; confirmation requires immunohistochemistry for CD1a, langerin (CD207), and S100, and BRAF V600E testing is recommended.	https://imagebank.hematology.org/image/2499/langerhans-cell-histiocytosis--2?type=upload
2524	partial	Dysplastic Erythroid Precursor - 1.	Smear at high power shows a large early erythroid precursor, consistent with a proerythroblast or basophilic normoblast, with a round nucleus, finely stippled chromatin and intensely basophilic cytoplasm bearing an irregular cytoplasmic bleb. Definite dysplastic features such as nuclear budding, multinuclearity, internuclear bridging or megaloblastoid asynchrony are not clearly demonstrated in this single cell. The background shows a stippled artifact. The image fits an early erythroid precursor, but dyserythropoiesis cannot be firmly established from this field alone.	https://imagebank.hematology.org/image/2524/dysplastic-erythroid-precursor--1?type=upload
2526	partial	Refractory Anemia with Excess Blasts - 2.	Bone marrow aspirate smear at high power shows a blast with a large round nucleus, finely dispersed chromatin and scant agranular basophilic cytoplasm, surrounded by basophilic erythroid precursors, myelocytes and orthochromatic normoblasts. No Auer rods are identified. Definite dysplastic features are not conspicuous in this single field, and the blast percentage cannot be derived from it. In the context of cytopenias and a 500-cell differential showing 5-19% blasts, findings would be consistent with myelodysplastic syndrome with excess blasts.	https://imagebank.hematology.org/image/2526/refractory-anemia-with-excess-blasts--2?type=upload
2569	partial	Hypocellular MDS - 3.	Low-power view of a bone marrow aspirate particle shows a predominance of large adipocyte spaces with hematopoietic cells sparsely distributed along intervening stromal strands. Central areas are densely stained, likely representing stroma and crushed cells. Individual cell morphology cannot be evaluated at this magnification, so dysplasia and blast percentage cannot be assessed. The particle appears hypocellular, but aspirate particles are an imperfect surrogate for cellularity, which should be determined on an adequate core biopsy. Findings are compatible with a hypocellular marrow, which in the stated context supports but does not establish hypocellular myelodysplastic neoplasm.	https://imagebank.hematology.org/image/2569/hypocellular-mds--3?type=upload
2570	partial	Hypocellular MDS - 4.	Bone marrow aspirate smear shows trilineage precursors with erythroid and granulocytic elements at multiple stages of maturation. Several basophilic erythroblasts show relatively fine chromatin and deeply basophilic cytoplasm, raising the possibility of mild megaloblastoid dyserythropoiesis, and an early proerythroblast-like cell with a visible nucleolus is present. Granulocytic precursors appear normally granulated, and blasts are not obviously increased in this field. Dysplasia is subtle here, and marrow cellularity cannot be assessed from the aspirate; correlation with the core biopsy (age-adjusted cellularity), dysplasia quantification across 200 cells, and cytogenetics is required to support hypocellular myelodysplastic neoplasm.	https://imagebank.hematology.org/image/2570/hypocellular-mds--4?type=upload
2572	partial	Hypocellular MDS - 6.	Bone marrow aspirate smear shows erythroid and granulocytic precursors in a background of red cells. Erythroid dysplasia is evident, including a binucleated erythroid precursor and another precursor with an irregular, lobulated nucleus, together with large basophilic erythroblasts showing fine chromatin. Granulocytic precursors appear appropriately granulated, and blasts are not increased in this field. These dyserythropoietic changes are nonspecific in isolation; at least 10% dysplastic erythroid cells, correlation with a hypocellular core biopsy, exclusion of nutritional and toxic causes, and cytogenetics are needed to support hypocellular myelodysplastic neoplasm.	https://imagebank.hematology.org/image/2572/hypocellular-mds--6?type=upload
2577	partial	Prolymphocytic Leukemia - 3.	Peripheral blood smear shows two intermediate-sized lymphoid cells with round nuclei, moderately condensed chromatin and a moderate amount of pale blue agranular cytoplasm. A single prominent central nucleolus, characteristic of prolymphocytes, is not clearly resolved in this image. The cells are more mature-appearing than lymphoblasts. Findings are suggestive of a mature lymphoid neoplasm with prolymphocytoid cells; flow cytometry and cytogenetics are required to distinguish B-PLL, T-PLL, CLL with increased prolymphocytes and mantle cell lymphoma. The archive category of B-lymphoblastic leukemia does not match this morphology.	https://imagebank.hematology.org/image/2577/prolymphocytic-leukemia--3?type=upload
2625	partial	Refractory Anemia with Ring Sideroblasts - 1.	Bone marrow aspirate smear shows a cluster of basophilic and early polychromatic erythroid precursors with round nuclei, relatively fine chromatin, and deeply basophilic cytoplasm, suggestive of mild megaloblastoid dyserythropoiesis. Accompanying granulocytic precursors, including a band neutrophil and myelocytes, show no obvious dysplasia in this field. No iron stain is provided, so ring sideroblasts cannot be evaluated here. The findings are compatible with, but not diagnostic of, myelodysplastic neoplasm with ring sideroblasts; a Prussian blue stain to quantify ring sideroblasts and SF3B1 mutation testing are required.	https://imagebank.hematology.org/image/2625/refractory-anemia-with-ring-sideroblasts--1?type=upload
2626	partial	Refractory Anemia with Ring Sideroblasts - 2.	Bone marrow aspirate smear shows erythroid predominance with precursors at all stages of maturation. Several erythroid precursors show dysplastic features, including binucleation, nuclear lobation and notching, and megaloblastoid chromatin in large basophilic erythroblasts. Granulocytic precursors are present in small numbers, and blasts are not increased in this field. Findings indicate dyserythropoiesis consistent with myelodysplastic neoplasm with ring sideroblasts in the stated context; however, ring sideroblasts must be demonstrated and counted on a Prussian blue stain, and SF3B1 status determined.	https://imagebank.hematology.org/image/2626/refractory-anemia-with-ring-sideroblasts--2?type=upload
2635	partial	Basophilic Stippling - Lead Poisoning - 4.	Peripheral blood smear shows mild anisopoikilocytosis with scattered folded and stomatocyte-like red cells. A central erythrocyte contains several coarse, dark blue-purple granules; they are clustered along one margin rather than distributed evenly throughout the cell, and only faint fine stippling is seen in occasional other cells. The findings are compatible with coarse basophilic stippling as labeled (as seen in lead poisoning), but the peripheral clustering also raises Pappenheimer bodies, which a Prussian blue stain would distinguish. Correlation with blood lead and zinc protoporphyrin levels is recommended.	https://imagebank.hematology.org/image/2635/basophilic-stippling--lead-poisoning--4?type=upload
2640	partial	Iron Stain - 1.	Prussian blue-stained bone marrow aspirate smear shows a large marrow particle diffusely and densely laden with coarse, confluent blue-green hemosiderin, set against orange-brown red cells. Storage iron is markedly increased (approximately grade 4+ to 5+ in this field). Individual macrophages and erythroid precursors cannot be evaluated for sideroblasts in this thick, slightly out-of-focus particle. These findings exclude iron deficiency and indicate abundant storage iron, as seen in iron overload, anemia of inflammation, or ineffective erythropoiesis; thin areas should be examined for ring sideroblasts.	https://imagebank.hematology.org/image/2640/iron-stain--1?type=upload
2641	partial	Iron Stain - 2.	Prussian blue-stained bone marrow aspirate smear shows a marrow particle with abundant blue granular and diffuse hemosiderin deposits within stromal macrophages, against an orange-brown red cell background. Storage iron appears present and at least adequate to increased (approximately grade 3-4+ on this field). Erythroid precursors cannot be evaluated for sideroblasts in this thick particle. These findings do not support iron deficiency; if the clinical question is iron deficiency, abundant stainable iron would instead point toward anemia of inflammation, iron overload, or ineffective erythropoiesis.	https://imagebank.hematology.org/image/2641/iron-stain--2?type=upload
2642	partial	Micromegakaryocyte - 1.	Bone marrow aspirate smear shows a megakaryocyte with a single, non-lobated, eccentrically placed round nucleus and abundant finely granular cytoplasm, set in a background rich in maturing granulocytes including bands, segmented neutrophils, and metamyelocytes. The cell is clearly larger than the surrounding granulocytes and therefore exceeds the size usually used to define a true micromegakaryocyte (at or below the size of a promyelocyte). It is better described as a small hypolobated (mononuclear) megakaryocyte. Only one megakaryocyte is present, so the proportion of dysplastic forms cannot be assessed; a count across the aspirate and biopsy is needed before attributing this to a reactive versus myelodysplastic process.	https://imagebank.hematology.org/image/2642/micromegakaryocyte--1?type=upload
26965	partial	Anemia and thrombocytopenia: diagnosis from the blood smear	Peripheral blood smear shows normocytic red cells with scattered polychromatic cells and a paucity of platelets. A reactive-appearing lymphocyte is present (A). Several erythrocytes contain small, dark, punctate to ring-like inclusions, and similar tiny blue bodies are seen extracellularly (B); pigment, Schüffner dots, gametocytes and tetrad (Maltese cross) forms cannot be confidently assessed at this resolution. Findings are suggestive of an intraerythrocytic parasitic infection such as babesiosis in the appropriate epidemiologic context; confirmation by thick and thin film review at high magnification, parasitemia estimation and PCR is required.	https://imagebank.hematology.org/image/26965/anemia-and-thrombocytopenia-diagnosis-from-the-blood-smear?type=upload
2699	partial	Pelger-Huet Anomoly - 6.	Very low-power view of a peripheral blood smear shows an evenly spread monolayer of red cells with a few scattered leukocytes. The leukocyte nuclei appear compact and dense, but nuclear lobation, chromatin pattern, and cytoplasmic granulation cannot be evaluated at this magnification. This field is useful for choosing an area for high-power review rather than for diagnosis. Findings are nonspecific; Pelger-Huët anomaly requires high-power demonstration of bilobed or non-segmented neutrophils with mature chromatin across the neutrophil population.	https://imagebank.hematology.org/image/2699/pelgerhuet-anomoly--6?type=upload
2716	partial	NK Cell Lymphocytosis - 2.	Low-power view of a peripheral blood smear shows normochromic, normocytic red cells with adequate platelets. A single medium-sized lymphocyte with condensed chromatin and a moderate rim of pale blue cytoplasm is present centrally; cytoplasmic azurophilic granules cannot be resolved at this magnification. No blasts or atypical nucleolated cells are seen in this field. The image is compatible with a large granular lymphocyte in the setting of NK-cell lymphocytosis, but quantification and granule assessment require higher power and an absolute count, with flow cytometry to confirm NK phenotype.	https://imagebank.hematology.org/image/2716/nk-cell-lymphocytosis--2?type=upload
2717	partial	NK Cell Lymphocytosis - 3.	Peripheral blood smear at intermediate power shows several lymphocytes with abundant pale blue cytoplasm and mature condensed chromatin, clustered with segmented and band neutrophils. One lymphoid cell has faintly granular pinkish cytoplasm, but discrete azurophilic granules are not well resolved at this magnification. No blasts or atypical nucleolated cells are identified. The appearance is compatible with increased large granular lymphocytes in NK-cell lymphocytosis; confirmation requires an absolute LGL count and flow cytometric immunophenotyping.	https://imagebank.hematology.org/image/2717/nk-cell-lymphocytosis--3?type=upload
2721	partial	NK Cell Lymphocytosis - 7.	Peripheral blood smear shows a cluster of lymphocytes with abundant pale cytoplasm and mature condensed chromatin, accompanied by segmented and band neutrophils and a small mature lymphocyte. Granularity of the lymphoid cytoplasm is not clearly resolved at this magnification. There are no blasts or overtly atypical cells in the field. Findings are suggestive of large granular lymphocytes in the context of NK-cell lymphocytosis, with high-power review, absolute counts and flow cytometry needed for confirmation.	https://imagebank.hematology.org/image/2721/nk-cell-lymphocytosis--7?type=upload
2723	partial	Granular ALL - 1.	Peripheral blood smear shows circulating intermediate-sized blasts with round nuclei, finely dispersed chromatin, inconspicuous nucleoli and a narrow rim of pale blue cytoplasm. A mature small lymphocyte and a nucleated red blood cell are present for size comparison. Cytoplasmic azurophilic granules, which define granular ALL, are not clearly resolved at this magnification, and Auer rods are absent. Findings are consistent with circulating blasts compatible with acute lymphoblastic leukemia; MPO cytochemistry and flow cytometry are necessary, particularly to exclude AML in a granular blast population.	https://imagebank.hematology.org/image/2723/granular-all--1?type=upload
2724	partial	Granular ALL - 10.	Peripheral blood smear at high power shows a single blast with a very high nuclear-to-cytoplasmic ratio, a slightly indented nucleus with finely dispersed chromatin and indistinct nucleoli, and a narrow rim of pale blue cytoplasm containing a small vacuole. Definite azurophilic granules and Auer rods are not seen in this cell. The morphology is that of a blast but does not by itself demonstrate the granular feature of granular ALL. Findings are compatible with a lymphoblast in the context of granular ALL; lineage must be confirmed by MPO cytochemistry and flow cytometry.	https://imagebank.hematology.org/image/2724/granular-all--10?type=upload
2784	partial	Marrow Germinal Center - 7.	Bone marrow core biopsy at low power (apparently an immunohistochemical stain with weak brown chromogen; marker not labeled) shows hypercellular marrow containing several ill-defined lymphoid aggregates with faint granular staining concentrated within them. Megakaryocytes and other hematopoietic elements are present in the surrounding marrow. Well-formed germinal center architecture is not clearly appreciable in this image, and the weak signal limits interpretation. The findings are compatible with lymphoid aggregates corresponding to the reactive germinal centers shown in the H&E and CD20 images of this series.	https://imagebank.hematology.org/image/2784/marrow-germinal-center--7?type=upload
2789	partial	Rituximab-Associated Marrow T-cell Hyperplasia - 1.	Bone marrow core biopsy shows trabecular bone and cellular marrow with preserved trilineage hematopoiesis and megakaryocytes. A single interstitial, non-paratrabecular lymphoid aggregate composed of small lymphocytes with slightly ill-defined borders is present; no germinal center or paratrabecular extension is seen. H&E morphology alone cannot determine the lineage of the aggregate. In a patient treated with rituximab, immunostains showing a predominance of CD3+ T cells with absent CD20+ B cells would support rituximab-associated reactive T-cell aggregates rather than residual B-cell lymphoma.	https://imagebank.hematology.org/image/2789/rituximabassociated-marrow-tcell-hyperplasia--1?type=upload
2790	partial	Rituximab-Associated Marrow T-cell Hyperplasia - 2.	Bone marrow core biopsy at high power shows an interstitial collection of small lymphoid cells with round to slightly irregular hyperchromatic nuclei and scant cytoplasm, admixed with scattered histiocytes, endothelial cells and small vessels. Cytologic atypia, large transformed cells and mitoses are not seen. Some small dark round nuclei could also represent erythroid precursors, so lineage assessment requires immunohistochemistry. In a post-rituximab setting, a CD3-positive, CD20/PAX5-negative infiltrate would be consistent with rituximab-associated marrow T-cell hyperplasia.	https://imagebank.hematology.org/image/2790/rituximabassociated-marrow-tcell-hyperplasia--2?type=upload
27900	partial	Myeloid Sarcoma -3	Immunohistochemical stain of the dermal infiltrate shows sheets of monotonous medium-sized cells with oval nuclei and fine chromatin, the majority of which display weak-to-moderate, finely granular cytoplasmic and membranous staining; a rare cell stains strongly. The adjacent epidermis is negative. The specific antibody is not indicated in the image, so the stain must be interpreted alongside the rest of the panel. In context, diffuse positivity of the infiltrate with a myeloid-associated marker supports myeloid sarcoma.	https://imagebank.hematology.org/image/27900/myeloid-sarcoma-3?type=upload
27930	partial	AML with mutated CEBPA	Low-power view of a bone marrow aspirate smear shows a hemodilute background with fat spaces and a markedly increased population of medium-to-large blasts occurring singly and in loose clusters. The blasts have high nuclear-to-cytoplasmic ratios, fine chromatin and scant basophilic cytoplasm; cytoplasmic granules and Auer rods cannot be evaluated at this magnification. Maturing myeloid and erythroid elements are sparse. Findings are consistent with acute myeloid leukemia; the CEBPA mutation status is a molecular finding and cannot be inferred from morphology.	https://imagebank.hematology.org/image/27930/aml-with-mutated-cebpa?type=upload
2800	partial	Chronic Myelomonocytic Leukemia - 3.	Peripheral blood smear shows an enlarged neutrophil with a hypersegmented nucleus composed of multiple small lobes and cytoplasm with fine granules. Red cells show mild anisopoikilocytosis with a teardrop form, and platelets are present. No monocytes are included in this field, so the defining monocytosis cannot be evaluated here. Nuclear hypersegmentation may represent dysgranulopoiesis in a myeloid neoplasm such as chronic myelomonocytic leukemia, but megaloblastic change should be excluded.	https://imagebank.hematology.org/image/2800/chronic-myelomonocytic-leukemia--3?type=upload
2805	partial	Acute Myelomonocytic Leukemia - 2.	Peripheral blood smear shows several large blasts with high N:C ratios, round to slightly oval nuclei, finely dispersed chromatin and a thin rim of pale basophilic cytoplasm. Cytoplasmic granules and Auer rods are not seen, and definite monocytic features such as nuclear folding or gray vacuolated cytoplasm are not evident in these cells. The morphology indicates circulating blasts; separation of myeloblasts and monoblasts/promonocytes requires cytochemistry (MPO, NSE) and flow cytometry. These findings are compatible with, but not specific for, acute myelomonocytic leukemia.	https://imagebank.hematology.org/image/2805/acute-myelomonocytic-leukemia--2?type=upload
2806	partial	Acute Myelomonocytic Leukemia - 3.	Peripheral blood smear shows several large blasts with finely dispersed chromatin, indistinct nucleoli and scant to moderate basophilic cytoplasm without Auer rods. One blast has more abundant gray-blue cytoplasm, raising the possibility of monocytic differentiation, and a mature segmented neutrophil is present nearby. The monocytic and granulocytic components cannot be quantified from this field. Findings indicate circulating blasts and are compatible with acute myelomonocytic leukemia when supported by NSE/MPO cytochemistry and flow cytometry.	https://imagebank.hematology.org/image/2806/acute-myelomonocytic-leukemia--3?type=upload
2813	partial	Accelerated Phase of CML - 2.	The smear shows a cluster of granulocytic cells representing the full maturation spectrum, including one large blast with fine chromatin and basophilic cytoplasm, myelocytes, metamyelocytes, bands and segmented neutrophils. Obvious dysgranulopoiesis is not seen, and basophils are not clearly identified in this cluster. Accelerated phase criteria (blasts 10-19% or basophils >=20% in blood or marrow, or additional clonal abnormalities) cannot be assessed from a single field. The findings are compatible with CML showing a left-shifted granulocytic proliferation.	https://imagebank.hematology.org/image/2813/accelerated-phase-of-cml--2?type=upload
2815	partial	Accelerated Phase of CML - 4.	The smear shows a prominent granulocytic population spanning myelocytes, metamyelocytes, bands and segmented neutrophils, with several larger immature cells having finer chromatin and basophilic cytoplasm. Dysgranulopoiesis is not evident. Basophils are not clearly identified in this field, and the proportion of blasts cannot be established without a differential count. Findings are compatible with CML showing marked left shift; accelerated phase requires quantitative criteria.	https://imagebank.hematology.org/image/2815/accelerated-phase-of-cml--4?type=upload
2816	partial	Accelerated Phase of CML - 5.	The preparation shows a small cluster of four nucleated cells. The largest has a bilobed nucleus and gray-blue, faintly granular cytoplasm, raising the possibility of a micromegakaryocyte, while two cells with irregular folded nuclei resemble immature granulocytes and one smaller cell with dense purple cytoplasm may be a basophil. Chromatin and granule detail are limited at this resolution, and cell lineage cannot be assigned with confidence without immunostaining (e.g., CD61) or a larger field. Such dysplastic megakaryocytes and basophils support, but do not by themselves establish, accelerated phase of CML.	https://imagebank.hematology.org/image/2816/accelerated-phase-of-cml--5?type=upload
2820	partial	Immune Thrombocytopenic Purpura - 1.	Peripheral blood smear, examined in a well-spread area, shows normocytic, normochromic red cells without significant anisopoikilocytosis. Platelets are markedly decreased, with essentially none present in this field, and no platelet clumping is identified to suggest pseudothrombocytopenia. Schistocytes are not seen, arguing against a microangiopathic process. No leukocytes are present in the field for assessment. Findings are consistent with isolated thrombocytopenia, as seen in immune thrombocytopenia, although the morphology is not specific.	https://imagebank.hematology.org/image/2820/immune-thrombocytopenic-purpura--1?type=upload
2916	partial	Neuroblastoma Ganglion Cell Differentiation Following Chemotherapy - 1.	Low-power view of a bone marrow core biopsy shows trabecular bone with intertrabecular spaces diffusely replaced by an infiltrate of dark cells arranged in streaming, fascicle-like patterns within pale fibrillary to fibrotic stroma. Normal fat and trilineage hematopoiesis are not appreciated. Individual cell morphology, including ganglion cell differentiation, cannot be assessed at this magnification. Findings are consistent with marrow involvement by treated metastatic neuroblastoma with stromal changes; higher-power examination is needed to document ganglion cell differentiation.	https://imagebank.hematology.org/image/2916/neuroblastoma-ganglion-cell-differentiation-following-chemotherapy--1?type=upload
2920	partial	Neuroblastoma Ganglion Cell Differentiation Following Chemotherapy - 2.	Bone marrow core biopsy shows trabecular bone with intertrabecular spaces diffusely replaced by small to intermediate-sized cells with round to oval hyperchromatic nuclei and scant cytoplasm. The cells stream within pale fibrillary to collagenous stroma, and normal hematopoietic elements are absent. Mature ganglion cells with abundant cytoplasm and prominent nucleoli are not identified in this field, so the degree of post-chemotherapy differentiation cannot be judged from this image alone. Findings are consistent with marrow involvement by metastatic neuroblastoma, with predominantly neuroblastic morphology in this field.	https://imagebank.hematology.org/image/2920/neuroblastoma-ganglion-cell-differentiation-following-chemotherapy--2?type=upload
2921	partial	Neuroblastoma Ganglion Cell Differentiation Following Chemotherapy - 3.	Bone marrow core biopsy at high power shows a loosely cohesive population of small to intermediate cells with oval to slightly spindled nuclei, fine chromatin, and scant cytoplasm, set within pale eosinophilic fibrillary stroma resembling neuropil. A subset of cells has slightly enlarged vesicular nuclei with small nucleoli, which may represent early differentiating neuroblasts, and occasional apoptotic nuclei are present. Mature ganglion cells with abundant cytoplasm are not seen in this field. Findings are consistent with metastatic neuroblastoma in the marrow, with at most early neuroblastic differentiation evident in this image.	https://imagebank.hematology.org/image/2921/neuroblastoma-ganglion-cell-differentiation-following-chemotherapy--3?type=upload
2922	partial	Neuroblastoma Ganglion Cell Differentiation Following Chemotherapy - 4.	Bone marrow core biopsy shows, adjacent to a bony trabecula, a population of intermediate to large cells with oval to irregular nuclei, vesicular chromatin, small nucleoli, and moderate amounts of pale cytoplasm within pale fibrillary stroma. On the right, residual hematopoietic cells including erythroid precursors with small dense nuclei are present. The tumor cells are larger than undifferentiated neuroblasts, suggesting differentiating neuroblasts, but mature ganglion cells with abundant eosinophilic cytoplasm and prominent single nucleoli are not clearly identified in this field. Findings are consistent with metastatic neuroblastoma with features of neuroblastic differentiation after therapy.	https://imagebank.hematology.org/image/2922/neuroblastoma-ganglion-cell-differentiation-following-chemotherapy--4?type=upload
29549	partial	EBV-driven HIV-associated diffuse large B-cell lymphoma causing profound lactic acidosis	Composite figure. Panel A (H&E) shows squamous epithelium with an underlying dermal infiltrate of atypical cells with enlarged hyperchromatic nuclei among collagen bundles and small vessels. Panel B shows large atypical cells within adipose tissue with a strong dark nuclear signal, a pattern consistent with EBER in situ hybridization, although the stain is not labeled. Resolution and color balance limit detailed cytologic assessment, and the metabolic complication (lactic acidosis) cannot be evaluated morphologically. Findings are suggestive of an EBV-positive large B-cell lymphoma in an HIV-positive patient, requiring CD20/PAX5, CD30, MUM1, Ki-67 and EBER studies for confirmation.	https://imagebank.hematology.org/image/29549/ebvdriven-hivassociated-diffuse-large-bcell-lymphoma-causing-profound-lactic-acidosis?type=upload
2957	partial	Kostmann's Syndrome - 1.	Low-power peripheral blood smear shows a dense red cell monolayer with strikingly few leukocytes; only about five white cells are present, predominantly small mononuclear cells, and segmented neutrophils are essentially absent. Detailed cytology cannot be assessed at this magnification. Findings suggest severe neutropenia, compatible with severe congenital neutropenia (Kostmann syndrome) in the appropriate clinical setting; an absolute neutrophil count is required for confirmation.	https://imagebank.hematology.org/image/2957/kostmanns-syndrome--1?type=upload
2958	partial	Kostmann's Syndrome - 10.	Low-power immunohistochemical stain of a bone marrow core biopsy (antigen not specified) shows a cellular marrow with brown-positive cells scattered singly, in small clusters and in linear streaks among a predominantly negative population. Fat spaces are partly preserved and trabeculae are unremarkable. Interpretation depends on the antibody applied; in severe congenital neutropenia, such stains are used to demonstrate the distribution of myeloid precursors and the relative lack of mature neutrophils.	https://imagebank.hematology.org/image/2958/kostmanns-syndrome--10?type=upload
2959	partial	Kostmann's Syndrome - 11.	Low-power immunohistochemical stain of a bone marrow core biopsy (antigen not specified) shows a hypercellular marrow in which numerous brown-positive cells are dispersed diffusely in an interstitial pattern among hematoxylin-counterstained negative cells. No sheets or aggregates of positive cells are seen. Interpretation depends on the antibody used; in severe congenital neutropenia, myeloid markers such as MPO typically highlight preserved early granulocytic precursors with a paucity of mature neutrophils.	https://imagebank.hematology.org/image/2959/kostmanns-syndrome--11?type=upload
2961	partial	Kostmann's Syndrome - 3.	Low-power bone marrow aspirate smear is hemodilute, with small aggregates of nucleated cells along particle trails in a dense red cell background. The nucleated cells include medium-sized granulated precursors and small dark lymphocytes or erythroid precursors; mature segmented neutrophils are not readily apparent, but the magnification precludes reliable assessment. High-power evaluation is needed to document maturation arrest of granulopoiesis as seen in severe congenital neutropenia.	https://imagebank.hematology.org/image/2961/kostmanns-syndrome--3?type=upload
2964	partial	Kostmann's Syndrome - 6.	Low-power bone marrow core biopsy shows markedly hypercellular marrow filling the spaces between anastomosing bony trabeculae, with few residual fat vacuoles and scattered megakaryocytes. Cytologic detail and myeloid maturation cannot be evaluated at this magnification. A hypercellular marrow is compatible with the myeloid hyperplasia and maturation arrest of severe congenital neutropenia but is nonspecific without higher-power and aspirate evaluation.	https://imagebank.hematology.org/image/2964/kostmanns-syndrome--6?type=upload
2965	partial	Kostmann's Syndrome - 7.	Bone marrow core biopsy at intermediate power shows a hypercellular marrow with reduced fat. A dense, expanded zone of immature myeloid precursors with oval vesicular nuclei lies adjacent to a bony trabecula, with scattered eosinophils, erythroid islands and edematous hemorrhagic areas elsewhere. The proportion of mature neutrophils cannot be reliably assessed at this magnification. Findings suggest a left-shifted granulopoiesis compatible with severe congenital neutropenia, requiring aspirate differential for confirmation.	https://imagebank.hematology.org/image/2965/kostmanns-syndrome--7?type=upload
2968	partial	Hemophagocytic Syndrome - 1.	Peripheral blood smear shows red cells that are largely normocytic with scattered crenated forms (echinocytes), and very few platelets. A single small mature lymphocyte is the only leukocyte in the field, and no neutrophils are identified. No blasts or schistocytes are seen. Findings suggest leukopenia and thrombocytopenia, consistent with the cytopenias of hemophagocytic lymphohistiocytosis, although the peripheral smear itself is nonspecific.	https://imagebank.hematology.org/image/2968/hemophagocytic-syndrome--1?type=upload
2969	partial	Hemophagocytic Syndrome - 10.	Low-power Prussian blue-stained bone marrow aspirate smear shows a particle containing abundant coarse, branching blue hemosiderin deposits within macrophages, indicating increased storage iron. Individual cells and hemophagocytosis cannot be evaluated at this magnification. Increased marrow iron stores are a nonspecific finding that can accompany hemophagocytic lymphohistiocytosis with hyperferritinemia and inflammation-associated iron sequestration.	https://imagebank.hematology.org/image/2969/hemophagocytic-syndrome--10?type=upload
2970	partial	Hemophagocytic Syndrome - 11.	Prussian blue-stained bone marrow aspirate smear shows a macrophage with abundant diffuse blue hemosiderin that appears to enclose several red-counterstained nuclei, suggestive of phagocytosed nucleated cells. Additional extracellular iron clumps are present nearby. Because the iron stain obscures cytoplasmic detail, true engulfment is best confirmed on a Wright-Giemsa smear. Findings are compatible with an iron-laden hemophagocytic macrophage as seen in hemophagocytic lymphohistiocytosis.	https://imagebank.hematology.org/image/2970/hemophagocytic-syndrome--11?type=upload
2972	partial	Hemophagocytic Syndrome - 3.	Low-power examination of a bone marrow aspirate smear shows a cellular specimen with a dense aggregate of hematopoietic cells and a smaller cluster near the feathered edge, along with scattered larger single cells in the cellular trails. Individual cell morphology, including the presence of phagocytosed blood cells within histiocytes, cannot be assessed at this magnification. The image is useful to locate particles and cellular areas where high-power search for hemophagocytic histiocytes should be performed. Diagnosis of hemophagocytic syndrome requires high-power confirmation and correlation with clinical and laboratory HLH criteria.	https://imagebank.hematology.org/image/2972/hemophagocytic-syndrome--3?type=upload
2976	partial	Hemophagocytic Syndrome - 7.	Low-power bone marrow core biopsy shows a hypercellular marrow with markedly reduced fat between thin bony trabeculae and areas of hemorrhage. Cellular detail, including histiocytes or hemophagocytosis, cannot be assessed at this magnification. The finding of a hypercellular marrow is nonspecific; evaluation for hemophagocytic lymphohistiocytosis requires high-power review, CD163 immunostaining and aspirate correlation.	https://imagebank.hematology.org/image/2976/hemophagocytic-syndrome--7?type=upload
2978	partial	Hemophagocytic Syndrome - 9.	Bone marrow core biopsy shows a hypercellular marrow with a loose, edematous background and interstitial hemorrhage. Megakaryocytes, erythroid precursors and granulocytic cells are present, together with scattered histiocytes with abundant eosinophilic cytoplasm, some of which appear to contain erythrocytes. Hemophagocytosis is difficult to confirm on H&E sections. Findings may be compatible with hemophagocytic lymphohistiocytosis in the appropriate context; CD163 immunostain and aspirate review are recommended.	https://imagebank.hematology.org/image/2978/hemophagocytic-syndrome--9?type=upload
2980	partial	Chediak-Higashi Syndrome - 10.	Bone marrow core biopsy at low power shows a markedly hypercellular marrow with near-complete loss of fat spaces. The intertrabecular space is filled by a mixed hematopoietic population with patchy, looser eosinophilic areas and focal hemorrhage. Cytoplasmic giant granules cannot be assessed at this magnification. Findings are nonspecific; in the clinical context of Chediak-Higashi syndrome, a hypercellular marrow may reflect ineffective granulopoiesis or an accelerated (HLH-like) phase, to be confirmed on aspirate and high-power examination.	https://imagebank.hematology.org/image/2980/chediakhigashi-syndrome--10?type=upload
2981	partial	Chediak-Higashi Syndrome - 11.	Bone marrow core biopsy at high power shows a hypercellular marrow with a mixed infiltrate. Many large cells have oval, folded or indented vesicular nuclei with small nucleoli and pale eosinophilic cytoplasm, suggestive of histiocytes, admixed with erythroid precursors, eosinophils, lymphocytes and occasional mitoses in a hemorrhagic background. Cytoplasmic giant granules cannot be resolved on this section. In the context of Chediak-Higashi syndrome, the histiocyte-rich infiltrate raises concern for the accelerated (HLH-like) phase; CD163/CD68 IHC and aspirate correlation are recommended.	https://imagebank.hematology.org/image/2981/chediakhigashi-syndrome--11?type=upload
2982	partial	Chediak-Higashi Syndrome - 12.	Bone marrow core biopsy at high power shows a hypercellular, hemorrhagic marrow with a prominent population of large histiocyte-like cells with oval vesicular nuclei and abundant pale cytoplasm, several of which appear to contain clustered erythrocytes. Eosinophils, lymphocytes and erythroid precursors are admixed. Giant cytoplasmic granules cannot be assessed on this section. In the setting of Chediak-Higashi syndrome, findings are suggestive of the accelerated phase with hemophagocytic histiocytic infiltration; CD163 immunostain and aspirate correlation are recommended.	https://imagebank.hematology.org/image/2982/chediakhigashi-syndrome--12?type=upload
2984	partial	Chediak-Higashi Syndrome - 3.	Low-power view of a bone marrow aspirate smear shows a highly cellular particle composed of a mixed hematopoietic population with scattered megakaryocytes and few fat spaces. Cellular detail, including cytoplasmic granules, cannot be assessed at this magnification. The field documents adequate, cellular aspirate material; diagnostic giant granules of Chediak-Higashi syndrome require examination at high power.	https://imagebank.hematology.org/image/2984/chediakhigashi-syndrome--3?type=upload
2987	partial	Chediak-Higashi Syndrome - 6.	Bone marrow aspirate smear shows two large macrophages. One contains cytoplasmic vacuoles with engulfed dense nuclear material and magenta particles, consistent with phagocytosis of cells or cell fragments; the other shows extensive cytoplasmic vacuolation. Surrounding granulocytic precursors show coarse granulation, but definitive giant granules are not clearly seen in this field. Findings are consistent with hemophagocytosis, as seen in the accelerated phase of Chediak-Higashi syndrome; confirmation of giant granules elsewhere on the smear is required.	https://imagebank.hematology.org/image/2987/chediakhigashi-syndrome--6?type=upload
3000	partial	Purple Bodies - 2.	Smear shows a small cluster of immature myeloid-appearing cells in a background of red cells. Two large cells have eccentric nuclei, fine chromatin, a conspicuous paranuclear hof and basophilic cytoplasm lacking distinct granules, resembling hypogranular promyelocytes; two smaller cells with high N:C ratio and fine chromatin are also present. No mature neutrophils are seen in this field. The specific 'purple bodies' referenced in the title cannot be confidently identified in this image; findings are compatible with early myeloid precursors as seen in congenital neutropenia with maturation arrest, but correlation with the full aspirate is required.	https://imagebank.hematology.org/image/3000/purple-bodies--2?type=upload
3018	partial	Shwachman-Diamond Syndrome - 1.	Low-power view of a bone marrow aspirate smear shows a particle composed predominantly of fat spaces and stromal elements with only sparse hematopoietic cells along its strands. Thick, dark areas with brown-black precipitate are present, and blood-diluted areas surround the particle. Cytologic detail, maturation, and dysplasia cannot be evaluated at this magnification. The overall impression is of a hypocellular particle, which in context is compatible with the marrow hypoplasia seen in Shwachman-Diamond syndrome; a core biopsy is needed for accurate cellularity assessment.	https://imagebank.hematology.org/image/3018/shwachmandiamond-syndrome--1?type=upload
3019	partial	Shwachman-Diamond Syndrome - 2.	High-power view of a bone marrow aspirate shows three early myeloid precursors with round to oval nuclei, finely dispersed chromatin and bluish cytoplasm containing fine purple granules that overlie the nucleus. No mature granulocytes are present in this field, and no Auer rods are identified. These appearances are non-specific; a myeloid maturation arrest-like or dysgranulopoietic pattern may be seen in Shwachman-Diamond syndrome, but the diagnosis rests on neutropenia, exocrine pancreatic insufficiency, skeletal findings and biallelic SBDS mutation. Findings are suggestive of, but not diagnostic for, Shwachman-Diamond syndrome in the appropriate clinical context.	https://imagebank.hematology.org/image/3019/shwachmandiamond-syndrome--2?type=upload
3020	partial	Shwachman-Diamond Syndrome - 3.	Bone marrow aspirate smear at high power shows a stroma-rich fragment containing numerous fat vacuoles, spindle-shaped stromal cells, and fibrillar strands. Hematopoietic elements are sparse, consisting of a few granulated myeloid precursors and small lymphoid cells without obvious blast clusters. The composition suggests a hypocellular marrow with relative stromal prominence, which is compatible with Shwachman-Diamond syndrome in the appropriate clinical context. A single field cannot establish cellularity, and a trephine biopsy plus SBDS genetic testing are needed.	https://imagebank.hematology.org/image/3020/shwachmandiamond-syndrome--3?type=upload
3021	partial	Breast Cancer - 1.	Peripheral blood smear shows red cells with refractile drying artifact and two medium-sized mononuclear cells with round, slightly eccentric nuclei, moderately condensed chromatin and a moderate rim of pale blue agranular cytoplasm, next to a small lymphocyte and a small dark nuclear fragment. The cells are not clearly cohesive and lack definitive epithelial features. In a patient with breast cancer, these could represent circulating tumor cells (carcinocythemia), but reactive lymphocytes, monocytoid cells or plasmacytoid cells cannot be excluded; cytokeratin immunocytochemistry or flow cytometry is needed for confirmation.	https://imagebank.hematology.org/image/3021/breast-cancer--1?type=upload
3037	partial	Metastatic Prostatic Carcinoma - 1.	Peripheral blood smear shows normochromic red cells with mild anisopoikilocytosis, including scattered teardrop cells and occasional fragmented, helmet-like forms. Platelets appear adequate. No leukocytes, nucleated red cells or circulating tumor cells are present in this field. These red cell changes are nonspecific; in a patient with metastatic prostatic carcinoma they are suggestive of marrow infiltration (myelophthisis) and/or tumor-associated microangiopathy or chronic DIC, but the carcinoma itself is not demonstrated in this image.	https://imagebank.hematology.org/image/3037/metastatic-prostatic-carcinoma--1?type=upload
3058	partial	Hemoglobin S/HPFH - 3.	High-power view of an acid-elution (Kleihauer-Betke) stained blood film taken from a thick area of the smear. Scattered red cells are intensely eosinophilic with slightly irregular outlines, set among a closely packed network of paler cell outlines that retain faint staining. The thickness of the field and the soft focus prevent reliable judgement of whether HbF is pancellular or heterocellular. In the context of the series, the image is presented as part of the HbS/HPFH evaluation, but interpretation should be based on a thin, well-spread area of the slide.	https://imagebank.hematology.org/image/3058/hemoglobin-shpfh--3?type=upload
30588	partial	Diffuse large B-cell lymphoma in leukemic phase with flower cell morphology	Composite figure. The smear (A, Wright-Giemsa) shows a cluster of large atypical lymphoid cells with high N:C ratio, round to indented and notched nuclei, finely dispersed chromatin, small nucleoli and basophilic, focally vacuolated cytoplasm, admixed with crenated red cells. Distinct multilobated flower-like nuclei are only subtly suggested by nuclear notching in this field. The tissue section (B) shows a diffuse infiltrate with strong nuclear immunostaining, antigen not specified. Findings are suggestive of diffuse large B-cell lymphoma in leukemic phase, which should be confirmed by flow cytometry showing a clonal large B-cell population.	https://imagebank.hematology.org/image/30588/diffuse-large-bcell-lymphoma-in-leukemic-phase-with-flower-cell-morphology?type=upload
3059	partial	Hemoglobin S/HPFH - 4.	Low-power view of a peripheral blood smear shows a well-spread monolayer of red cells of relatively uniform size and shape, with sparse leukocytes and platelets. No sickle cells, target cells or schistocytes are recognizable at this magnification, although fine morphologic detail cannot be assessed. The paucity of sickled forms is in keeping with compound heterozygosity for hemoglobin S and hereditary persistence of fetal hemoglobin, in which pancellular HbF inhibits polymerization; the diagnosis requires hemoglobin HPLC/electrophoresis and HbF distribution studies rather than morphology.	https://imagebank.hematology.org/image/3059/hemoglobin-shpfh--4?type=upload
3078	partial	Pleural Fluid Mast Cells - 1.	Scanning-power view of a pleural fluid preparation shows a highly cellular specimen with numerous cohesive cell clusters of varying size and many dispersed single cells. At this magnification the individual cell types, including mast cells, cannot be identified, and nuclear features cannot be assessed. High-power examination and immunocytochemistry are needed to characterize the clusters as reactive mesothelial cells or metastatic tumor and to identify mast cells.	https://imagebank.hematology.org/image/3078/pleural-fluid-mast-cells--1?type=upload
3088	partial	Howell-Jolly Bodies - 1.	Peripheral blood smear at very high magnification shows a single nucleated cell with a round nucleus, coarsely clumped chromatin, and gray-lilac polychromatophilic cytoplasm, most consistent with a polychromatic normoblast. The cytoplasm contains several small, round, dense dark purple inclusions adjacent to the nucleus, resembling Howell-Jolly bodies (nuclear fragments), along with small vacuoles. Classic Howell-Jolly bodies in mature anucleate red cells are not shown in this field. Findings are suggestive of Howell-Jolly body-like nuclear fragments in a nucleated red cell, as seen with dyserythropoiesis, megaloblastic change, or hyposplenism.	https://imagebank.hematology.org/image/3088/howelljolly-bodies--1?type=upload
30975	partial	ad 1	Composite figure. Tissue section (A) shows sheets of intermediate-sized mononuclear cells with oval to indented nuclei, fine chromatin and moderate pale cytoplasm. The peripheral blood smear (B) contains atypical mononuclear cells with irregular nuclei and grey-blue cytoplasm, and the bone marrow biopsy (C) is hypercellular with a diffuse mononuclear infiltrate; immunohistochemistry (D) highlights a focal cluster of positive cells, but the antigen is not identified. The title and category (acquired neutropenia) do not specify the diagnosis; the morphology is suggestive of a monocytic/histiocytoid neoplastic infiltrate involving tissue, blood and marrow, and definitive classification requires the immunophenotype.	https://imagebank.hematology.org/image/30975/ad-1?type=upload
30976	partial	ad 2	Skin biopsy (H&E, low power) shows a dense, diffuse cellular infiltrate occupying the full thickness of the sampled dermis, dissecting between collagen bundles and extending up to the dermal-epidermal junction. The overlying epidermis is intact. Cytologic detail is not resolvable at this magnification, and the title and category do not specify a diagnosis. In a patient with acquired neutropenia, the pattern raises concern for a cutaneous hematolymphoid infiltrate such as leukemia cutis/myeloid sarcoma, which requires high-power review and immunohistochemistry (e.g., MPO, CD68, CD4, CD3, CD20) for classification.	https://imagebank.hematology.org/image/30976/ad-2?type=upload
3180	partial	Adult T-cell Leukemia/Lymphoma - 5.	Peripheral blood smear shows a medium-to-large atypical lymphoid cell with a round, slightly indented nucleus, moderately condensed chromatin and a moderate rim of basophilic cytoplasm. The characteristic polylobated flower-like nucleus of adult T-cell leukemia/lymphoma is not present in this cell. Red cells and platelets are unremarkable. Although ATLL may contain basophilic cells with less nuclear irregularity, this cell alone is not specific; the findings are compatible with ATLL only in conjunction with other flower cells, HTLV-1 serology and a CD4+ CD25+ CD7- T-cell phenotype.	https://imagebank.hematology.org/image/3180/adult-tcell-leukemialymphoma--5?type=upload
3184	partial	APL in Niemann-Pick Disease - 2.	Aspirate smear shows clusters of large abnormal promyelocytes with abundant cytoplasm densely packed with coarse azurophilic granules. Many nuclei are folded, reniform or bilobed, with fine chromatin partially obscured by granules. Rare small nucleated cells are present in the background, and no storage histiocytes are seen in this particular field. Findings are consistent with hypergranular acute promyelocytic leukemia; confirmation of PML::RARA is required and should be pursued urgently given coagulopathy risk.	https://imagebank.hematology.org/image/3184/apl-in-niemannpick-disease--2?type=upload
3207	partial	Intravascular Large Cell Lymphoma - 1.	Low-power view shows a fibrous wall lining a large empty lumen, with small intramural vessels that contain clusters of enlarged hyperchromatic cells admixed with erythrocytes. The surrounding collagenous stroma lacks a mass-forming or sheet-like infiltrate. Cytologic detail is limited at this magnification, so the atypia of the intravascular cells cannot be fully assessed. The distribution is suggestive of intravascular large B-cell lymphoma, best confirmed on higher power and with CD20 and CD34/CD31 immunostaining.	https://imagebank.hematology.org/image/3207/intravascular-large-cell-lymphoma--1?type=upload
3210	partial	Intravascular Large Cell Lymphoma - 4.	Tissue section shows a discrete aggregate of large atypical cells with vesicular nuclei, visible nucleoli and moderate amphophilic cytoplasm. The aggregate appears to lie within a vascular or sinusoidal space, surrounded by loose stroma rich in erythrocytes and mixed small cells. An endothelial lining around the aggregate is not clearly discernible at this magnification, so intravascular localization cannot be established on H&E alone. The findings are compatible with intravascular large B-cell lymphoma; CD20 and CD34/CD31 immunostains are needed to confirm an intraluminal B-cell population.	https://imagebank.hematology.org/image/3210/intravascular-large-cell-lymphoma--4?type=upload
3211	partial	Intravascular Large Cell Lymphoma - 5.	Tissue section shows loose, edematous stroma containing a mixed infiltrate of small lymphocytes and scattered large atypical cells with vesicular nuclei, irregular nuclear contours and prominent nucleoli. Thin-walled capillary channels and extravasated red cells are present. The large cells appear to lie in and around small vascular spaces, but a strictly intravascular distribution cannot be confirmed on this H&E field alone. The findings are compatible with involvement by intravascular large B-cell lymphoma in the appropriate context; CD20 with CD34 or CD31 immunostaining is recommended to demonstrate intraluminal localization.	https://imagebank.hematology.org/image/3211/intravascular-large-cell-lymphoma--5?type=upload
3245	partial	Chronic Lymphocytic Leukemia - 3.	Cellular smear shows a dense, monotonous population of lymphoid cells with round nuclei, moderately condensed chromatin and scant to moderate pale-blue cytoplasm. The arrow indicates a small lymphocyte with coarse, block-like chromatin typical of CLL. However, many cells in this field are somewhat larger than classic CLL cells, and some show small visible nucleoli, raising the possibility of increased prolymphocytes or thick-area artifact. The findings are compatible with chronic lymphocytic leukemia, but the prolymphocyte percentage should be enumerated and mantle cell lymphoma excluded by immunophenotyping.	https://imagebank.hematology.org/image/3245/chronic-lymphocytic-leukemia--3?type=upload
3258	partial	Normal Plasma Cell Distribution Along Bone Marrow Sinusoid - 1.	Bone marrow aspirate smear shows a linear stromal-vascular fragment composed of elongated dark nuclei, along which numerous small round-nucleated cells are aligned. Some of the adjacent cells have moderate purple cytoplasm compatible with plasma cells, while scattered neutrophils, bands and erythroid precursors are present in the background. Heavy staining and cell overlap limit confident identification of individual plasma cells at this magnification. The pattern is compatible with the normal perivascular (perisinusoidal) distribution of marrow plasma cells; CD138 immunostaining on the core biopsy best demonstrates this arrangement.	https://imagebank.hematology.org/image/3258/normal-plasma-cell-distribution-along-bone-marrow-sinusoid--1?type=upload
3292	partial	Reactive Histiocytes in the Peripheral Blood - 1.	Low-power view of a peripheral blood smear (thick area, with red cells aggregated into irregular clumps) shows several large mononuclear cells with round to oval nuclei and moderate amounts of pale gray-blue cytoplasm, one of which contains foamy cytoplasmic vacuoles. Small lymphocytes are interspersed and provide a size reference. At this magnification the cells are suggestive of circulating histiocytes/macrophages, but nuclear and cytoplasmic detail is insufficient to exclude monocytes, plasma cells, or other abnormal cells; high-power review (ideally of a buffy coat preparation) is required.	https://imagebank.hematology.org/image/3292/reactive-histiocytes-in-the-peripheral-blood--1?type=upload
3326	partial	Hairy Cell Leukemia Variant - 5.	Bone marrow biopsy section shows a hypercellular marrow with preserved megakaryocytes and eosinophilic precursors. Interspersed interstitially among hematopoietic elements is a population of mononuclear cells with round-to-oval nuclei, moderately open chromatin, occasional small nucleoli and moderate pale cytoplasm. The infiltrate is subtle and lacks the widely spaced fried-egg appearance of classic hairy cell leukemia, so its extent cannot be accurately estimated on H&E alone. Findings are compatible with interstitial involvement by hairy cell leukemia variant; CD20, CD79a/PAX5 and annexin A1 immunostains are recommended to highlight and characterize the infiltrate.	https://imagebank.hematology.org/image/3326/hairy-cell-leukemia-variant--5?type=upload
3345	partial	Anaplastic Large-Cell Lymphoma – Nodal Involvement - 1.	Scanning-power view of a lymph node shows diffuse effacement of the normal architecture by pale-staining sheets of cells, with only a few small, dark-staining residual lymphoid follicles scattered throughout. Cytologic features cannot be evaluated at this magnification. The pattern indicates diffuse involvement by a neoplasm and is compatible with anaplastic large cell lymphoma in the appropriate context; higher-power evaluation for hallmark cells and immunohistochemistry for CD30, ALK, EMA and T-cell markers are required.	https://imagebank.hematology.org/image/3345/anaplastic-largecell-lymphoma--nodal-involvement--1?type=upload
3351	partial	Anaplastic Large-Cell Lymphoma – Nodal Involvement - 7.	Immunohistochemical stain of a lymph node shows nuclear positivity in a large proportion of cells, predominantly large pleomorphic tumor nuclei, with variable intensity and a speckled pattern in some cells. Small background lymphocytes and stromal cells are largely negative, and there is no cytoplasmic or membranous staining. The antibody is not labeled; the purely nuclear pattern in a high fraction of tumor cells is most consistent with Ki-67, indicating a high proliferation index. Findings support a high-grade lymphoma, consistent with anaplastic large cell lymphoma in context.	https://imagebank.hematology.org/image/3351/anaplastic-largecell-lymphoma--nodal-involvement--7?type=upload
3352	partial	Anaplastic Large-Cell Lymphoma – Nodal Involvement - 8.	Immunohistochemical stain of a lymph node at intermediate power shows a diffuse infiltrate of large atypical cells admixed with small lymphocytes. Many large cells show membranous ring-like positivity, while numerous background small lymphocytes are strongly positive and some large cells are weak or negative. The antibody is not labeled; the pattern indicates a lymphoid-lineage (T-cell or leukocyte) marker shared by tumor cells and reactive small lymphocytes. This supports a hematolymphoid origin of the large cells, consistent with anaplastic large cell lymphoma in context, but lineage assignment requires the full panel, because ALCL often loses pan-T-cell antigens such as CD3.	https://imagebank.hematology.org/image/3352/anaplastic-largecell-lymphoma--nodal-involvement--8?type=upload
3388	partial	Megakaryocytic Hyperplasia - 2.	Bone marrow aspirate smear at high power shows two large, mature megakaryocytes lying adjacent to each other, with multilobated overlapping nuclei and abundant finely granular cytoplasm. A small hematopoietic cell is present within the cytoplasm of one megakaryocyte, consistent with emperipolesis. The megakaryocytes lack obvious hypolobation, micro-forms or bizarre hyperchromatic nuclei in this field. Although two megakaryocytes in a single high-power field suggest increased numbers, megakaryocytic hyperplasia should be assessed by low-power evaluation of particles or the core biopsy; findings are compatible with megakaryocytic hyperplasia.	https://imagebank.hematology.org/image/3388/megakaryocytic-hyperplasia--2?type=upload
3468	partial	Look-alikes: ALL vs AMoL - 2.	Bone marrow aspirate smear shows large blasts with round to slightly reniform nuclei, finely dispersed chromatin, small or inconspicuous nucleoli and abundant pale gray-blue cytoplasm containing fine vacuoles. Auer rods and cytoplasmic granules are not identified, and small mature lymphocytes are scattered in the background. The abundant cytoplasm and vacuolation mimic monoblasts, although the case is classified under precursor lymphoid neoplasms. Morphology cannot assign lineage here; flow cytometry, TdT and nonspecific esterase/MPO cytochemistry are needed to distinguish B-lymphoblastic leukemia from acute monoblastic leukemia.	https://imagebank.hematology.org/image/3468/lookalikes-all-vs-amol--2?type=upload
3496	partial	LE cell in joint fluid - 1.	Low-power cytospin of synovial fluid shows an inflammatory cell population composed of numerous neutrophils and lymphocytes with scattered vacuolated macrophages. A few round, homogeneous pink-purple bodies are present in the background and near phagocytes. At this magnification, LE cells (neutrophils containing a phagocytosed homogeneous nuclear mass) cannot be confidently identified, and higher-power examination is required. Findings are consistent with an inflammatory synovial effusion, and the homogeneous bodies raise the possibility of LE phenomenon in a patient with lupus.	https://imagebank.hematology.org/image/3496/le-cell-in-joint-fluid--1?type=upload
3507	partial	RBC aggluntination - 3.	Peripheral blood smear shows predominantly dispersed normocytic red cells with scattered small, irregular aggregates of two to five overlapping erythrocytes, without linear rouleaux formation. A mature lymphocyte and scattered platelets are present. No definite spherocytes are identified in this field. The findings are suggestive of mild red cell agglutination; because the degree is subtle, correlation with warming of the sample, a direct antiglobulin test, and cold agglutinin titer is advised.	https://imagebank.hematology.org/image/3507/rbc-aggluntination--3?type=upload
3521	partial	Peripheral T-cell lymphoma, unspecified bone marrow aspirate - 1.	Low-power view of the bone marrow aspirate smear shows a cellular specimen with trilineage hematopoiesis, including maturing granulocytic and erythroid elements and occasional eosinophils. Scattered medium to large mononuclear cells with irregular nuclear contours are present, which may represent atypical lymphoid cells, but they cannot be confidently distinguished from normal precursors at this magnification. Morphology alone is insufficient; correlation with the trephine biopsy, immunohistochemistry, and flow cytometry is needed to document involvement by peripheral T-cell lymphoma, NOS.	https://imagebank.hematology.org/image/3521/peripheral-tcell-lymphoma-unspecified-bone-marrow-aspirate--1?type=upload
3522	partial	Peripheral T-cell lymphoma, unspecified bone marrow aspirate - 2.	Bone marrow aspirate smear at high power shows abundant maturing granulocytic elements with orderly progression to segmented neutrophils, along with erythroid precursors and an occasional eosinophil. Admixed are small to medium mononuclear cells with coarse chromatin and mildly irregular nuclear contours, which may represent atypical T cells, although they are not morphologically distinctive. Correlation with trephine biopsy immunohistochemistry, flow cytometry, and T-cell receptor gene rearrangement studies is required to establish involvement by peripheral T-cell lymphoma, NOS.	https://imagebank.hematology.org/image/3522/peripheral-tcell-lymphoma-unspecified-bone-marrow-aspirate--2?type=upload
3527	partial	Look-alikes: Hematopoietic cluster vs. extrinsic cells - 2.	Bone marrow aspirate smear shows a dense, thick cluster of overlapping cells with molded borders, surrounded by dispersed red cells and hematopoietic elements. Cells at the edge of the cluster have granular cytoplasm resembling granulocytic precursors and appear to merge with the surrounding marrow cells, favoring a clump of hematopoietic cells. Nuclear detail in the center is obscured by thickness, so a cohesive extrinsic (metastatic) cell cluster cannot be fully excluded on this image alone. Examination of the cluster edge at higher power, the trephine biopsy, and immunostains (e.g., keratin) are recommended if concern persists.	https://imagebank.hematology.org/image/3527/lookalikes-hematopoietic-cluster-vs-extrinsic-cells--2?type=upload
3568	partial	May-Hegglin anomoly - 5.	Peripheral blood smear shows normocytic, normochromic red cells with few platelets in the field. A giant platelet approaching red-cell size is present adjacent to an unremarkable eosinophil, with a normal-sized platelet nearby. No neutrophils are present in this field, so the characteristic basophilic Döhle-like cytoplasmic inclusions cannot be evaluated here. In the appropriate context, macrothrombocytopenia is suggestive of an MYH9-related disorder (May-Hegglin anomaly).	https://imagebank.hematology.org/image/3568/mayhegglin-anomoly--5?type=upload
3571	partial	Dysgranulopoiesis - 2.	Bone marrow aspirate smear shows a cellular, crowded particle edge composed predominantly of granulocytic precursors. Many myelocytes, metamyelocytes and band forms have pale, hypogranular cytoplasm, and some mature forms show round to hyposegmented nuclei. Larger immature cells with finer chromatin are also present, although blasts cannot be reliably enumerated in this thick field. The overlapping cells and thick smear limit assessment of individual dysplastic features. Findings are suggestive of dysgranulopoiesis with hypogranularity; confirmation in thinner areas with a formal count is recommended.	https://imagebank.hematology.org/image/3571/dysgranulopoiesis--2?type=upload
3575	partial	Dysgranulopoiesis - 6.	Peripheral blood smear shows a neutrophil with a C-shaped, non-segmented nucleus containing coarsely clumped, mature-appearing chromatin, a nuclear-maturation mismatch suggestive of hyposegmentation. The cytoplasm contains relatively coarse granules, and hypogranularity is not evident. The surrounding red cells and platelet are unremarkable. In isolation this cell could represent a normal band form; hyposegmented neutrophils with clumped chromatin, when numerous (at least 10% of neutrophils), support dysgranulopoiesis as seen in myelodysplastic neoplasms.	https://imagebank.hematology.org/image/3575/dysgranulopoiesis--6?type=upload
3577	partial	Dysgranulopoiesis - 8.	Smear (likely bone marrow aspirate) shows a large cell with gray-blue, essentially agranular cytoplasm containing numerous round, dense nuclear fragments of variable size, accompanied by several immature myeloid cells. Red cells show drying artifact with refractile holes and crenation. In the context of dysgranulopoiesis, the cell is interpreted as a dysplastic granulocytic precursor with nuclear fragmentation and hypogranularity. However, a single fragmented cell is not specific, and an apoptotic cell or a macrophage containing ingested nuclear debris cannot be excluded without evaluating additional fields.	https://imagebank.hematology.org/image/3577/dysgranulopoiesis--8?type=upload
3603	partial	Döhle body inclusions - 4.	Peripheral blood smear shows an eosinophil with a bilobed nucleus and abundant coarse orange-red granules. A small, pale blue, relatively granule-poor cytoplasmic area adjacent to the nucleus may represent a Döhle body, but it is not clearly separable from normal cytoplasm between granules. No neutrophil with a definite Döhle body is present in this field, so the image only partially illustrates the title. A large platelet and unremarkable red cells are also seen. Findings show an eosinophil with a possible Döhle-like cytoplasmic inclusion; Döhle bodies are best assessed in neutrophils.	https://imagebank.hematology.org/image/3603/dhle-body-inclusions--4?type=upload
3703	partial	Recurrent AML following peripheral stem cell transplant - 3.	Section at intermediate power shows a diffuse, sheet-like infiltrate of medium-to-large cells with ovoid to spindled nuclei, fine chromatin, and scant cytoplasm arranged in a vaguely streaming pattern. There is moderate pleomorphism with scattered large hyperchromatic cells and mitoses, and no residual normal architecture is seen. The morphology is not lineage-specific. In the clinical context of recurrent AML after stem cell transplant, findings are suggestive of leukemic infiltration (myeloid sarcoma), to be confirmed by immunohistochemistry for CD34, CD117, MPO, CD68/lysozyme, and exclusion of carcinoma, melanoma, and sarcoma.	https://imagebank.hematology.org/image/3703/recurrent-aml-following-peripheral-stem-cell-transplant--3?type=upload
3707	partial	Recurrent AML following peripheral stem cell transplant - 7.	Immunohistochemical stain of a bone marrow trephine biopsy shows a large, sheet-like infiltrate of monotonous medium-sized cells that are negative for the applied marker, effacing normal marrow architecture adjacent to a bony trabecula. A band of residual small immunopositive cells is present at the lower left, with only scattered positive cells within the infiltrate. The antigen is not specified; if this represents a maturing myeloid or lineage marker (e.g., MPO or CD3), the pattern indicates replacement of residual hematopoiesis by a negative neoplastic population. In the clinical setting of prior stem cell transplant, the findings are consistent with recurrent acute myeloid leukemia, to be confirmed with CD34/CD117 immunostains, flow cytometry, and chimerism studies.	https://imagebank.hematology.org/image/3707/recurrent-aml-following-peripheral-stem-cell-transplant--7?type=upload
3708	partial	Recurrent AML following peripheral stem cell transplant - 8.	Immunohistochemical stain on a tissue section shows dense sheets of medium-sized cells with strong membranous and cytoplasmic staining in a diffuse infiltrative pattern, with a less cellular, largely negative area in the lower left containing scattered positive cells. The antibody and the anatomic site are not indicated in the image, so lineage cannot be assigned from this figure alone. In the context of recurrent acute myeloid leukemia after peripheral stem cell transplantation, the findings are suggestive of an infiltrate of recurrent leukemia (e.g., marrow relapse or myeloid sarcoma); correlation with a myeloid panel (CD34, CD117, MPO, CD33, CD43, lysozyme) and chimerism studies is required.	https://imagebank.hematology.org/image/3708/recurrent-aml-following-peripheral-stem-cell-transplant--8?type=upload
3775	partial	Diffuse large B-cell lymphoma, T-cell/histiocyte rich variant - lymph node - 5.	Immunohistochemical stain on a lymph node section shows membranous staining of numerous dispersed intermediate-to-large cells, set against a background of negative small lymphocytes. The positive cells are distributed singly and in small loose groups without forming sheets. Because the antibody is not labeled, the precise interpretation is limited: in T-cell/histiocyte-rich large B-cell lymphoma, CD20 or PAX5 would highlight the scattered large neoplastic B cells, whereas CD3 would highlight the predominant background T cells. Findings should be interpreted together with the H&E and the full immunohistochemical panel.	https://imagebank.hematology.org/image/3775/diffuse-large-bcell-lymphoma-tcellhistiocyte-rich-variant--lymph-node--5?type=upload
3829	partial	Bone marrow involvement in Niemann Pick disease - 5.	Bone marrow core biopsy at low power shows a cellular marrow with trilineage hematopoiesis between bony trabeculae. Scattered pale, clear to finely vacuolated foci consistent with clusters of foamy histiocytes are present, along with focal aggregates of brown granular pigment. Individual cell detail is limited at this magnification. In the clinical context, findings are consistent with marrow involvement by a lipid storage disorder such as Niemann-Pick disease; higher-power examination and aspirate smears are needed to characterize the storage cells.	https://imagebank.hematology.org/image/3829/bone-marrow-involvement-in-niemann-pick-disease--5?type=upload
3830	partial	Bone marrow involvement in Niemann Pick disease - 6.	Bone marrow core biopsy section shows a hypercellular marrow with trilineage hematopoiesis. Interspersed among the hematopoietic elements are scattered large histiocytes with abundant pale, lightly eosinophilic cytoplasm. The cytoplasmic vacuolation is not clearly resolved at this power, and no discrete sheets or granulomas are seen. In the context of the aspirate findings, the pale histiocytes are consistent with marrow involvement by Niemann-Pick disease; correlation with aspirate smears and enzymatic/genetic testing is required.	https://imagebank.hematology.org/image/3830/bone-marrow-involvement-in-niemann-pick-disease--6?type=upload
3838	partial	HIV-related plasmacytosis - 1.	Bone marrow core biopsy at low power shows a markedly hypercellular marrow with trilineage hematopoiesis, numerous dispersed megakaryocytes, and focal streaming stromal bands. Scattered hemosiderin deposits are present. Plasma cells cannot be reliably identified or quantified at this magnification. The overall picture is that of a hypercellular reactive marrow, which in the HIV setting commonly accompanies polyclonal plasmacytosis; higher-power evaluation with CD138 and kappa/lambda stains is required.	https://imagebank.hematology.org/image/3838/hivrelated-plasmacytosis--1?type=upload
3839	partial	HIV-related plasmacytosis - 2.	Bone marrow core biopsy shows a hypercellular marrow with trilineage hematopoiesis and numerous megakaryocytes. Scattered plasma cells with eccentric nuclei and amphophilic cytoplasm are present interstitially, but they do not form clusters or sheets and are difficult to quantify at this magnification. Focal hemosiderin-laden macrophages are noted. The findings are compatible with a reactive marrow with interstitial plasmacytosis in the setting of HIV infection; CD138 and kappa/lambda immunostains are needed to quantify plasma cells and confirm polytypism.	https://imagebank.hematology.org/image/3839/hivrelated-plasmacytosis--2?type=upload
3862	partial	Diffuse large B-cell lymphoma - bone marrow aspirate - 3.	Smear from the stated bone marrow aspirate shows a blood-rich field with only rare nucleated cells, including a large atypical mononuclear cell (arrow) with a high N:C ratio, finely granular chromatin and a moderate rim of agranular blue cytoplasm. A smaller mononuclear cell at the upper right provides size comparison. Hematopoietic precursors are sparse, so this field is hemodiluted and resembles peripheral blood. A single atypical large cell is suggestive of but not diagnostic for involvement by large B-cell lymphoma; evaluation of cellular particles, flow cytometry and core biopsy are required.	https://imagebank.hematology.org/image/3862/diffuse-large-bcell-lymphoma--bone-marrow-aspirate--3?type=upload
3864	partial	Bone marrow granulomas secondary to Histoplasmosis sepsis - 1.	Peripheral blood smear shows a band neutrophil with vacuolated cytoplasm containing several small, oval yeast-like organisms with clear halos (arrow), adjacent to a vacuolated monocyte and a dense dark overlying body. Another neutrophil shows toxic granulation, and red cells are crenated. Although titled as a marrow granuloma case, this image is a blood smear. Findings are consistent with intracellular Histoplasma capsulatum in circulating neutrophils, indicating disseminated histoplasmosis with a high organism burden.	https://imagebank.hematology.org/image/3864/bone-marrow-granulomas-secondary-to-histoplasmosis-sepsis--1?type=upload
3865	partial	Bone marrow granulomas secondary to Histoplasmosis sepsis - 10.	Immunohistochemical stain (antigen not specified) on a hypercellular bone marrow core shows scattered positive small round cells with crisp ring-like membranous staining among negative hematopoietic elements. A central, loosely arranged area of pale oval epithelioid-appearing nuclei, suggestive of a granuloma, contains a small aggregate of positive cells at its periphery and within it. Because the marker is not stated, the positive cells cannot be definitively assigned to a lineage, and fungal organisms are not assessable on this preparation. The appearance is compatible with a lymphocyte subset accompanying a marrow granuloma in disseminated histoplasmosis; GMS or PAS stains and culture are required to demonstrate Histoplasma.	https://imagebank.hematology.org/image/3865/bone-marrow-granulomas-secondary-to-histoplasmosis-sepsis--10?type=upload
3866	partial	Bone marrow granulomas secondary to Histoplasmosis sepsis - 2.	Peripheral blood smear shows a segmented neutrophil containing several small, oval, intracytoplasmic yeast-like organisms (arrow) measuring approximately 2–4 µm, each with a clear surrounding halo and an eccentric crescent of basophilic material; no kinetoplast is seen. An adjacent neutrophil shows toxic-appearing granulation, and red cells are crenated. Although titled as a marrow granuloma case, this image is a blood smear. Findings are consistent with circulating intracellular Histoplasma capsulatum in disseminated histoplasmosis, to be confirmed by culture and antigen testing.	https://imagebank.hematology.org/image/3866/bone-marrow-granulomas-secondary-to-histoplasmosis-sepsis--2?type=upload
3873	partial	Bone marrow granulomas secondary to Histoplasmosis sepsis - 9.	Immunohistochemical stain of the bone marrow biopsy shows numerous scattered cells with granular brown cytoplasmic staining and irregular, dendritic-like processes distributed interstitially throughout the marrow, with a vague central concentration. The specific antibody is not indicated, but the staining pattern is consistent with a histiocytic marker such as CD68 or CD163. A compact granuloma is not delineated in this field, and organisms cannot be assessed on this stain. Findings indicate an increased interstitial histiocytic population, compatible with the loose granulomatous response of disseminated histoplasmosis.	https://imagebank.hematology.org/image/3873/bone-marrow-granulomas-secondary-to-histoplasmosis-sepsis--9?type=upload
3934	partial	Cytogram- Hyperleukocytosis in AML - 3.	Although titled as a cytogram, this image is a low-power peripheral blood smear rather than an automated analyzer plot. It shows striking leukocytosis composed of a monotonous population of medium to large blasts with high N:C ratio, round nuclei and scant pale-blue cytoplasm; nucleoli, granules and Auer rods cannot be assessed at this magnification. Mature leukocytes are rare. Findings are consistent with hyperleukocytosis due to acute leukemia, in keeping with the stated AML; the high blast count predisposes to leukostasis and can interfere with automated counts.	https://imagebank.hematology.org/image/3934/cytogram-hyperleukocytosis-in-aml--3?type=upload
3935	partial	Cytogram- Hyperleukocytosis in AML - 4.	Although titled as a cytogram, this image is a peripheral blood smear rather than an analyzer scatterplot. It shows a marked increase in large blasts with high N:C ratio, round to indented nuclei, finely dispersed chromatin, occasional small nucleoli and a moderate rim of pale-blue, largely agranular cytoplasm; Auer rods are not seen in this field. Normal leukocytes are rare. Findings are consistent with the blood picture of hyperleukocytosis in acute myeloid leukemia, with lineage assignment requiring cytochemistry (MPO) and flow cytometry.	https://imagebank.hematology.org/image/3935/cytogram-hyperleukocytosis-in-aml--4?type=upload
3938	partial	Leukemia cutis - 3	Bone marrow aspirate smear is hypercellular and nearly replaced by large blasts with abundant grey-blue, moderately basophilic cytoplasm, round nuclei, delicate lacy chromatin and prominent nucleoli. Auer rods are not seen, and residual granulocytic and erythroid elements are markedly reduced. Although titled leukemia cutis, this image depicts the marrow rather than the skin lesion. Findings are consistent with acute monoblastic leukemia; nonspecific esterase cytochemistry and flow cytometry (CD14, CD64, CD11b, CD4) are recommended for confirmation.	https://imagebank.hematology.org/image/3938/leukemia-cutis--3?type=upload
4008	partial	Relapsed precursor B-ALL–bone marrow biopsy - 1.	Low-power bone marrow core biopsy shows trabecular bone with intertrabecular marrow of moderate cellularity. The hematopoietic space is diffusely populated by a monotonous infiltrate of small, dark, round nuclei with loss of the normal mixed trilineage pattern, and megakaryocytes are markedly reduced. Cytologic detail is not assessable at this power. In a patient with prior precursor B-lymphoblastic leukemia, the findings are consistent with relapsed disease, pending higher-power review and TdT, CD34, CD19 and PAX5 immunostains or flow cytometry.	https://imagebank.hematology.org/image/4008/relapsed-precursor-ballbone-marrow-biopsy--1?type=upload
4012	partial	GVHD–bone marrow aspirate - 1.	Bone marrow aspirate smear at low power shows marrow particles composed predominantly of adipocytes and stromal strands, with markedly reduced hematopoietic elements. Small mononuclear cells are scattered along the stroma, and the background is paucicellular. Cytologic detail cannot be assessed at this magnification. Findings indicate a hypocellular marrow, which in a transplant recipient with chronic graft-versus-host disease may reflect immune-mediated marrow failure; graft failure, relapse, viral infection and drug effect should be excluded.	https://imagebank.hematology.org/image/4012/gvhdbone-marrow-aspirate--1?type=upload
4013	partial	GVHD–bone marrow aspirate - 2.	Bone marrow aspirate smear at higher power shows a particle composed largely of stromal cells with oval to spindled nuclei, hemosiderin-laden macrophages and fat vacuoles. Hematopoietic cells are sparse, limited to occasional neutrophils and small mononuclear cells, with no identifiable erythroid precursors or megakaryocytes in this field. No blasts or viral inclusions are seen. Findings are consistent with a hypocellular, stroma-rich marrow with increased storage iron; these changes are nonspecific but compatible with marrow hypoplasia in the setting of chronic graft-versus-host disease.	https://imagebank.hematology.org/image/4013/gvhdbone-marrow-aspirate--2?type=upload
4034	partial	Hemophagocytic lymphohistiocytosis associated with AML-M5a - 1.	Peripheral blood smear shows several large monocytic cells with round to folded nuclei, finely dispersed chromatin and abundant gray-blue cytoplasm with irregular, blebbed borders. The fine chromatin suggests immature monocytic forms, although nucleoli are not well resolved at this magnification. Hemophagocytosis is not seen in this field, so the HLH component of the title cannot be confirmed from this image. Findings are suggestive of circulating immature monocytic cells, compatible with acute monocytic leukemia; blast enumeration, cytochemistry (nonspecific esterase) and flow cytometry are needed.	https://imagebank.hematology.org/image/4034/hemophagocytic-lymphohistiocytosis-associated-with-amlm5a--1?type=upload
4056	partial	Systemic mastocytosis - 5.	Immunohistochemical stain (DAB; marker not specified) on a bone marrow biopsy shows a cluster and scattered individual small round cells with strong membranous positivity at the periphery of a pale, spindle-cell-rich lesion; the spindle cells within the lesion are negative. Because the marker is not stated and the positive cells are round rather than spindled, this stain may highlight an accompanying lymphoid component of a mastocytosis lesion rather than the mast cells themselves. Interpretation for systemic mastocytosis requires correlation with tryptase, CD117 and CD25 stains.	https://imagebank.hematology.org/image/4056/systemic-mastocytosis--5?type=upload
4057	partial	Systemic mastocytosis - 6.	Low-power immunohistochemical stain (DAB; marker not specified) of a hypercellular bone marrow biopsy shows scattered positive cells distributed singly and in small loose clusters throughout the interstitium. No compact multifocal aggregates are identified in this field. If this represents a mast cell marker, an interstitial increase of mast cells alone does not meet the WHO major criterion, and minor criteria (spindled morphology >25%, CD25/CD2/CD30 aberrancy, KIT D816V, serum tryptase >20 ng/mL) must be evaluated. Findings are suggestive of, but not by themselves diagnostic of, marrow involvement by systemic mastocytosis.	https://imagebank.hematology.org/image/4057/systemic-mastocytosis--6?type=upload
4058	partial	Systemic mastocytosis - 7.	Immunohistochemical stain on a bone marrow biopsy (DAB; marker not specified, likely a mast cell marker such as tryptase or CD117) highlights a large, dense, compact aggregate of positive cells, with additional scattered spindle-shaped positive cells in the interstitium. The remaining hematopoietic elements are negative. A compact aggregate of more than 15 mast cells fulfills the major WHO criterion; findings are consistent with bone marrow involvement by systemic mastocytosis, with CD25/CD2 aberrancy and KIT D816V testing recommended for confirmation.	https://imagebank.hematology.org/image/4058/systemic-mastocytosis--7?type=upload
4063	partial	T-prolymphocytic leukemia cutis - 4.	Immunohistochemical stain (red chromogen; specific marker not indicated) on a skin biopsy shows a dense dermal lymphoid infiltrate with diffuse, strong membranous positivity in nearly all neoplastic cells. The infiltrate surrounds and cuffs a negative adnexal epithelial structure and perivascular spaces. Cytologic detail is limited on this immunostain. In the context of a known T-cell prolymphocytic leukemia, the diffuse positivity for a T-cell antigen is consistent with cutaneous involvement (leukemia cutis); TCL1 expression would support the diagnosis.	https://imagebank.hematology.org/image/4063/tprolymphocytic-leukemia-cutis--4?type=upload
4064	partial	T-prolymphocytic leukemia cutis - 5.	Immunohistochemical stain of a skin biopsy (antibody not specified) shows dense perivascular and periadnexal dermal aggregates of small-to-medium lymphoid cells that are essentially negative for the marker, with only hematoxylin counterstain visible. The infiltrate extends into the superficial dermis up to the dermoepidermal junction. The image documents a negative immunostain in the dermal infiltrate; its significance depends on the antibody used (for example, CD8, CD25 or a B-cell marker would be expected to be negative in T-prolymphocytic leukemia cutis).	https://imagebank.hematology.org/image/4064/tprolymphocytic-leukemia-cutis--5?type=upload
4087	partial	Diffuse Large B-cell Lymphoma, Anaplastic Variant - 1.	H&E section at intermediate power shows diffuse effacement by sheets of cohesive medium-to-large atypical cells with moderate pale to clear cytoplasm, round to oval nuclei with vesicular chromatin and small nucleoli, separated by delicate collagenous and vascular strands. Scattered mitotic figures are seen, and residual small lymphocytes are present at the periphery. Marked nuclear pleomorphism is not well appreciated at this magnification. Findings are consistent with a large cell lymphoma with a cohesive growth pattern; immunohistochemistry (CD20, PAX5, CD30, ALK, CD3, keratin) is needed to establish the anaplastic variant of diffuse large B-cell lymphoma and exclude ALCL and carcinoma.	https://imagebank.hematology.org/image/4087/diffuse-large-bcell-lymphoma-anaplastic-variant--1?type=upload
4088	partial	Diffuse Large B-cell Lymphoma, Anaplastic Variant - 2.	Section shows diffuse sheets of large atypical cells with a somewhat cohesive growth pattern. The cells have round to oval vesicular nuclei with prominent nucleoli and moderate amphophilic cytoplasm; mitotic figures and apoptotic bodies are readily identified. Marked bizarre pleomorphism or hallmark horseshoe-shaped nuclei are not conspicuous in this field. The morphology is that of a high-grade large-cell lymphoma; with B-cell lineage confirmed (CD20/PAX5+), findings are consistent with diffuse large B-cell lymphoma, anaplastic variant, which may be CD30-positive and mimic ALCL or carcinoma.	https://imagebank.hematology.org/image/4088/diffuse-large-bcell-lymphoma-anaplastic-variant--2?type=upload
4103	partial	Nucleated red blood cell - 1.	Peripheral blood smear shows moderate anisopoikilocytosis with numerous macro-ovalocytes, occasional teardrop-like and irregular red cells, and sparse platelets. A nucleated red blood cell with a dense, coarsely clumped nucleus and grayish-pink cytoplasm is present, with a small pale round body at its margin whose nature cannot be determined with certainty. No leukocytes, blasts or intraerythrocytic inclusions are identified in this field. In a pregnant patient with suspected acquired aplastic anemia, circulating nucleated red cells with macrocytosis and thrombocytopenia are nonspecific; bone marrow biopsy is required to establish marrow hypocellularity and exclude infiltrative or dysplastic processes.	https://imagebank.hematology.org/image/4103/nucleated-red-blood-cell--1?type=upload
4152	partial	Castleman lymphadenopathy - 5.	Low-power immunohistochemical stain (DAB; marker not specified, distribution typical of a B-cell marker such as CD20) on a lymph node shows numerous follicles with expanded, strongly positive mantle zones surrounding small, regressed germinal centers, while the interfollicular zones are negative. One follicle contains two germinal centers within a shared mantle, and penetrating vessels are seen within germinal centers. The preserved follicular architecture with expanded mantles and atretic centers is consistent with hyaline-vascular Castleman disease, and the absence of sheets of positive cells in interfollicular areas argues against a B-cell lymphoma effacing the node.	https://imagebank.hematology.org/image/4152/castleman-lymphadenopathy--5?type=upload
4153	partial	Castleman lymphadenopathy - 6.	Low-power immunohistochemical stain (DAB; marker not specified, distribution typical of a T-cell marker such as CD3) on a lymph node shows positivity predominantly in the interfollicular zones, with only scattered positive cells within a small regressed germinal center. The surrounding broad, concentrically layered mantle zone is negative, and a vessel penetrates the germinal center. The preserved compartmentalization with expanded onion-skin mantles and an atretic, vascularized germinal center is consistent with hyaline-vascular Castleman disease.	https://imagebank.hematology.org/image/4153/castleman-lymphadenopathy--6?type=upload
4156	partial	Mantle cell lymphoma - 3.	Immunohistochemical stain shows a diffuse, monotonous population of medium-sized lymphoid cells with strong, uniform membranous staining. Nuclear features are partially obscured, and the specific antigen is not identified in the image. A diffuse membranous-positive neoplastic infiltrate of this type supports a mature lymphoid neoplasm, and in combination with cyclin D1 or SOX11 nuclear positivity, CD5 co-expression, and t(11;14), it is consistent with mantle cell lymphoma.	https://imagebank.hematology.org/image/4156/mantle-cell-lymphoma--3?type=upload
4157	partial	Mantle cell lymphoma - 4.	Immunohistochemical stain (DAB; marker not specified) on a lymph node involved by a diffuse monotonous small-to-medium lymphoid proliferation shows that the neoplastic cells are negative. Scattered individual background cells show membranous to dendritic positivity without a zonal pattern. This pattern is most compatible with a marker of the non-neoplastic compartment (for example reactive T cells or histiocytes) in mantle cell lymphoma. Diagnostic confirmation rests on CD20, CD5 and cyclin D1/SOX11 staining.	https://imagebank.hematology.org/image/4157/mantle-cell-lymphoma--4?type=upload
4158	partial	Mantle cell lymphoma - 5.	Immunohistochemical stain (DAB; marker not specified) shows nuclear positivity in nearly all cells of a diffuse proliferation of medium-sized lymphoid cells with irregular nuclear contours, with variable staining intensity and rare negative background cells. If this is cyclin D1, diffuse nuclear expression in a CD5+ B-cell lymphoma is consistent with mantle cell lymphoma. If this is Ki-67, a proliferation index approaching 90% or more would indicate a highly proliferative (blastoid or pleomorphic) variant with an adverse prognosis. The marker should be confirmed before interpretation.	https://imagebank.hematology.org/image/4158/mantle-cell-lymphoma--5?type=upload
4171	partial	Reactive marrow: infection post-chemotherapy - 2.	Bone marrow aspirate smear shows a thick marrow particle composed largely of fat vacuoles and a stromal network with clustered, poorly spread cells. Individually identifiable hematopoietic precursors are sparse, and scattered lymphocytes and occasional neutrophils are present at the particle periphery. No microorganisms, granulomas, or blast population can be identified, although the thickness of the preparation limits cytologic assessment. Findings suggest a hypocellular, stroma-rich post-chemotherapy marrow; specific features of infection are not demonstrable in this image and would require stains, cultures, and biopsy correlation.	https://imagebank.hematology.org/image/4171/reactive-marrow-infection-postchemotherapy--2?type=upload
4173	partial	Multiple myeloma and acute myeloid leukemia - 2.	Bone marrow aspirate smear is highly cellular and dominated by a population of medium to large blasts with high nuclear-to-cytoplasmic ratios, finely dispersed chromatin, occasional nucleoli, and scant agranular basophilic cytoplasm. Residual maturing neutrophils and small lymphocytes are present, while erythroid and megakaryocytic elements are sparse. A distinct neoplastic plasma cell population is not evident in this particular field, so the plasma cell myeloma component must be documented on other fields, flow cytometry, or biopsy. Findings are consistent with acute myeloid leukemia in the given clinical setting of multiple myeloma (possibly therapy-related).	https://imagebank.hematology.org/image/4173/multiple-myeloma-and-acute-myeloid-leukemia--2?type=upload
4183	partial	Systemic mastocystosis - 1.	Low-power bone marrow aspirate smear shows marrow particles with abundant fat spaces and associated hematopoietic cells. A dense, dark purple, granular cluster at the upper left may represent an aggregate of mast cells within a particle, but individual cellular detail cannot be resolved at this magnification. Neoplastic mast cells in systemic mastocytosis are typically spindled, hypogranular or with eccentric nuclei and tend to be trapped in particles; high-power evaluation and flow cytometry for CD117+/CD25+ mast cells are required. The image is only partially informative for the stated diagnosis.	https://imagebank.hematology.org/image/4183/systemic-mastocystosis--1?type=upload
4186	partial	Systemic mastocystosis - 4.	H&E section of bone marrow biopsy shows a hypercellular marrow with decreased fat, composed predominantly of granulocytic precursors with numerous eosinophils, scattered megakaryocytes and erythroid elements. Occasional cells with oval nuclei and pale cytoplasm are present, but discrete compact aggregates of spindled mast cells are not definitely identified in this field. The findings are compatible with a myeloid neoplasm with eosinophilia and, in context, may represent systemic mastocytosis; immunohistochemistry for tryptase, CD117 and CD25 and KIT D816V testing are needed to document the mast cell infiltrate.	https://imagebank.hematology.org/image/4186/systemic-mastocystosis--4?type=upload
4187	partial	Systemic mastocystosis - 5.	Bone marrow core biopsy shows a sheet-like infiltrate of medium-sized round to polygonal cells with moderate eosinophilic cytoplasm, distinct borders and round central nuclei, adjacent to a bony trabecula. Spindle-shaped mast cells and a perivascular or paratrabecular fibrotic pattern are not evident in this field, so the lineage cannot be established on H&E alone. Findings are compatible with a dense mast cell infiltrate in systemic mastocytosis, but confirmation with tryptase, CD117 and CD25 immunostains is required.	https://imagebank.hematology.org/image/4187/systemic-mastocystosis--5?type=upload
4202	partial	Ruptured spleen due to infectious mononucleosis - 10.	Immunostained section of spleen at low power shows strong positivity concentrated in the white pulp follicles, with only scattered positive cells in the red pulp. The pattern suggests a B-cell marker (e.g., CD20) highlighting preserved follicles, while the expanded red pulp infiltrate is largely negative. The specific antibody is not stated, so interpretation is limited. In the context of ruptured spleen from infectious mononucleosis, this pattern would support a polymorphous, predominantly non-B red pulp expansion rather than a diffuse B-cell lymphoma.	https://imagebank.hematology.org/image/4202/ruptured-spleen-due-to-infectious-mononucleosis--10?type=upload
4206	partial	Ruptured spleen due to infectious mononucleosis - 5.	Low-power section of spleen shows diffusely hypercellular parenchyma with effacement of the usual white pulp/red pulp distinction by a dense lymphoid infiltrate. Several pale, hypocellular amorphous areas are present, which may represent edema, fibrin deposition or hemorrhage but cannot be characterized at this magnification. Individual cell morphology, including immunoblasts, is not assessable. In the appropriate clinical setting these findings are consistent with the red pulp expansion of infectious mononucleosis predisposing to splenic rupture, but they are not specific on their own.	https://imagebank.hematology.org/image/4206/ruptured-spleen-due-to-infectious-mononucleosis--5?type=upload
4207	partial	Ruptured spleen due to infectious mononucleosis - 6.	Immunostained splenic section at medium power shows a diffuse infiltrate of small to medium lymphoid cells with membranous staining throughout the red pulp, sparing scattered pale zones that likely represent white pulp. The pattern suggests expansion of a T-cell population (e.g., CD3 or CD8), although the antibody is not labeled. In the context of infectious mononucleosis, this would be consistent with the reactive cytotoxic T-cell expansion that infiltrates the red pulp and predisposes to rupture.	https://imagebank.hematology.org/image/4207/ruptured-spleen-due-to-infectious-mononucleosis--6?type=upload
4208	partial	Ruptured spleen due to infectious mononucleosis - 7.	Immunohistochemical stain (antigen not specified) on the splenic lesion shows a dense population of medium to large lymphoid cells with vesicular oval nuclei. A substantial subset shows granular, dot-like cytoplasmic positivity, a pattern characteristic of cytotoxic granule proteins such as TIA-1 or granzyme B, while other cells are negative. Because the marker is not stated, the exact lineage cannot be confirmed from this image alone. In context, the findings are suggestive of an expanded activated cytotoxic T-cell population, as seen in infectious mononucleosis.	https://imagebank.hematology.org/image/4208/ruptured-spleen-due-to-infectious-mononucleosis--7?type=upload
4209	partial	Ruptured spleen due to infectious mononucleosis - 8.	Immunostained splenic section at low-medium power shows many positive medium to large cells distributed diffusely through the red pulp, with relative sparing of the white pulp areas. The morphology of the positive cells suggests an activated or immunoblastic population. The specific marker is not labeled, which limits interpretation. In the context of infectious mononucleosis, a red pulp distribution of activated lymphoid cells (e.g., EBV-infected or cytotoxic T-cells) is expected and contributes to capsular infiltration and rupture.	https://imagebank.hematology.org/image/4209/ruptured-spleen-due-to-infectious-mononucleosis--8?type=upload
4215	partial	Nodal involvement by adult T-cell leukemia/lymphoma - 4.	Immunohistochemical stain of a lymph node (antibody not labeled) shows diffuse effacement by medium-sized lymphoid cells, the majority of which display predominantly nuclear staining of variable intensity, while high endothelial venules and stromal elements are negative. No residual follicles are appreciated. The image documents a diffuse, immunoreactive lymphoid population but does not by itself establish lineage; in the context of HTLV-1 infection and a CD4+/CD25+ T-cell phenotype, findings are consistent with nodal involvement by adult T-cell leukemia/lymphoma.	https://imagebank.hematology.org/image/4215/nodal-involvement-by-adult-tcell-leukemialymphoma--4?type=upload
4217	partial	Adult T-cell leukemia/lymphoma involving the skin - 1.	Low-power H&E section of skin shows patchy superficial and mid-dermal perivascular lymphoid infiltrates, with a denser infiltrate surrounding an adnexal structure and focal extension into the lower epidermis. The epidermis shows compact orthokeratosis without prominent spongiosis. Cytologic atypia cannot be assessed at this power. In conjunction with higher-power morphology, immunophenotype and HTLV-1 status, the findings are compatible with cutaneous involvement by adult T-cell leukemia/lymphoma; the pattern alone is nonspecific.	https://imagebank.hematology.org/image/4217/adult-tcell-leukemialymphoma-involving-the-skin--1?type=upload
4231	partial	Falciparum malarial parasite in bone marrow aspirate - 8.	Bone marrow aspirate smear shows a cluster of maturing erythroblasts and a larger erythroid precursor, with a large cell with pink-purple cytoplasm at the upper right. A few small purple dot-like structures overlie scattered red cells and are possibly early ring forms, but they cannot be confidently distinguished from platelets or stain precipitate at this resolution, and no pigmented trophozoites or crescent gametocytes are seen. The image therefore only partially supports the diagnosis of falciparum malaria; correlation with other fields and peripheral blood thick and thin films is required.	https://imagebank.hematology.org/image/4231/falciparum-malarial-parasite-in-bone-marrow-aspirate--8?type=upload
4724	partial	RhD Hemolytic disease of newborn	Peripheral blood smear shows a nucleated red blood cell with a round, dense nucleus. The red cells show anisocytosis, including larger pale polychromatophilic cells and occasional small round cells with reduced central pallor. Irregular deep-blue clumped material lies over several red cells, including one with a small dark dot; its nature is uncertain in this image and may represent overlying platelets or stain precipitate. The findings of circulating nucleated red cells and polychromasia can be seen in hemolytic disease of the newborn, but the field alone is limited and correlation with the direct antiglobulin test, maternal antibody screen and bilirubin is needed.	https://imagebank.hematology.org/image/4724/rhd-hemolytic-disease-of-newborn?type=upload
60038	partial	Acute myeloid leukemia with myelodysplasia related changes PB 2	The smear shows several large blasts with a high nuclear to cytoplasmic ratio, finely dispersed chromatin, prominent nucleoli, and scant to moderate basophilic agranular cytoplasm; no Auer rods are seen. These are admixed with numerous erythroid precursors at polychromatic and orthochromatic stages, including a precursor with nuclear lobation suggestive of dyserythropoiesis. Although labeled as peripheral blood, the density of nucleated cells and clustering of erythroid precursors resemble a bone marrow aspirate, or at least a leukoerythroblastic smear; this discrepancy should be considered. Findings are consistent with increased blasts with background erythroid dysplasia, supporting acute myeloid leukemia with myelodysplasia-related changes.	https://imagebank.hematology.org/image/60038/acute-myeloid-leukemia-with-myelodysplasia-related-changes-pb-2?type=upload
60044	partial	May-Hegglin anomaly	Peripheral blood smear, medium power, shows a single segmented neutrophil among red cells that are diffusely crenated (echinocytic), most consistent with a preparation artifact. A giant platelet approximately the size of a red cell is present in the lower right field, with only occasional normal-sized platelets, suggesting reduced platelet numbers. The characteristic large, pale blue, spindle-shaped Döhle-like cytoplasmic inclusions in the neutrophil cannot be clearly identified at this resolution, so the image only partially demonstrates the entity. In the appropriate context, findings are suggestive of an MYH9-related disorder (May-Hegglin anomaly); higher-power review of neutrophils and MYH9 immunofluorescence or genetic testing would confirm.	https://imagebank.hematology.org/image/60044/mayhegglin-anomaly?type=atlas
60166	partial	Atypical chronic myeloid leukemia, BCR-ABL1 negative 2	Peripheral blood smear shows a pair of closely apposed neutrophils, possibly a binucleate form, with hypolobated bilobed nuclei and markedly hypogranular cytoplasm. Red cells are largely unremarkable and platelets are present. This field does not capture the reported marked leukocytosis or circulating immature granulocytes. The dysgranulopoiesis shown is compatible with atypical chronic myeloid leukemia in the appropriate clinical and genetic setting, but it is not specific on its own.	https://imagebank.hematology.org/image/60166/atypical-chronic-myeloid-leukemia-bcrabl1-negative-2?type=upload
60168	partial	Atypical chronic myeloid leukemia, BCR-ABL1 negative 4	Bone marrow aspirate smear shows a large megakaryocyte with abundant granular cytoplasm and a multilobated nucleus with connected lobes, without separated nuclear lobes or micromegakaryocytic features. Several neutrophils and bands cluster at its periphery, and a dark particle of debris or pigment overlies the cytoplasm. This field demonstrates a morphologically unremarkable megakaryocyte and is not in itself diagnostic; in the context of neutrophilic leukocytosis with dysgranulopoiesis and circulating precursors without basophilia, monocytosis or BCR::ABL1, the overall findings support atypical chronic myeloid leukemia.	https://imagebank.hematology.org/image/60168/atypical-chronic-myeloid-leukemia-bcrabl1-negative-4?type=upload
60427	partial	Follicular lymphoma involving the bone marrow 1	Bone marrow core biopsy at scanning magnification shows a hypercellular marrow with scant fat between several bony trabeculae. Denser, more basophilic cellular bands appear to hug the surfaces of some trabeculae, raising the possibility of paratrabecular infiltrates. Cytologic detail cannot be evaluated at this power, so the nature of these infiltrates must be confirmed at higher magnification with CD20, CD10, BCL2 and BCL6 immunohistochemistry. In the given context, the paratrabecular distribution is suggestive of bone marrow involvement by follicular lymphoma.	https://imagebank.hematology.org/image/60427/follicular-lymphoma-involving-the-bone-marrow-1?type=upload
60433	partial	Nodular lymphocyte Predominant Hodgkin lymphoma 4	High-power H&E section of lymph node shows a dense population of small to intermediate lymphocytes. Scattered among them are larger cells with vesicular, pale chromatin, small nucleoli and folded nuclear contours, consistent with lymphocyte-predominant (LP) cells, although well-formed multilobated popcorn nuclei are not prominent in this field. There is no polymorphous inflammatory background with eosinophils or plasma cells, and no classic Reed-Sternberg cells are identified. In the context of a nodular architecture and appropriate immunophenotype (CD20+, OCT2+, CD30-, CD15-), the findings are suggestive of nodular lymphocyte predominant Hodgkin lymphoma.	https://imagebank.hematology.org/image/60433/nodular-lymphocyte-predominant-hodgkin-lymphoma-4?type=upload
60482	partial	Hairy cell leukemia 6	Low-power view of a bone marrow core biopsy immunostain shows an extensive diffuse and interstitial infiltrate with strong positivity replacing much of the marrow space and extending between adipocytes. No nodular or paratrabecular architecture is evident. The specific antibody is not stated and cytologic detail cannot be assessed at this magnification. In the clinical context, findings are consistent with diffuse marrow involvement by hairy cell leukemia, highlighted by a lymphoid (likely B-cell) marker.	https://imagebank.hematology.org/image/60482/hairy-cell-leukemia-6?type=upload
60491	partial	Extranodal NK/T-cell lymphoma 3	Low-power section shows extensive geographic coagulative necrosis composed of ghost cell outlines, eosinophilic debris, and scattered karyorrhectic nuclear fragments. A small vessel with a thickened wall and fibrin-containing lumen is present at the lower left, and a thin rim of residual viable lymphoid cells is seen at the right. Viable tumor cells are not evaluable in this field, so the image alone is not diagnostic. In a nasal/upper aerodigestive tract biopsy, such zonal necrosis with vascular injury is characteristic of extranodal NK/T-cell lymphoma, nasal type, and additional sampling of viable tissue with CD3, CD56, cytotoxic markers, and EBER ISH is required.	https://imagebank.hematology.org/image/60491/extranodal-nktcell-lymphoma-3?type=upload
60517	partial	Acanthocyte	Peripheral blood smear shows marked poikilocytosis. Several small, dense red cells lacking central pallor carry irregular, unevenly distributed spicules of varying length, consistent with acanthocytes (spur cells). Numerous additional red cells show regular, short, evenly spaced crenations with preserved central pallor, resembling echinocytes; these may be partly artifactual (thick area/slow drying) and should be assessed in a well-spread area. Findings are consistent with acanthocytosis, as seen in liver disease, with admixed echinocyte-like forms.	https://imagebank.hematology.org/image/60517/acanthocyte?type=upload
60527	partial	Lymphoepitheliod cell ("Lennert's") lymphoma	Immunohistochemical stain shows diffuse membranous and cytoplasmic positivity in the majority of small-to-medium lymphoid cells, some slightly enlarged with mildly irregular nuclei. Negative cells with larger oval pale nuclei and abundant cytoplasm, consistent with epithelioid histiocytes, are interspersed throughout. The antibody is not labeled, so the lineage marker cannot be named from the image, though the pattern fits a T-cell-associated antigen. In the context of the title, the findings support a T-cell-predominant infiltrate with abundant histiocytes, compatible with lymphoepithelioid (Lennert) lymphoma, a variant of peripheral T-cell lymphoma, NOS.	https://imagebank.hematology.org/image/60527/lymphoepitheliod-cell-lennerts-lymphoma?type=upload
60528	partial	Lymphoepitheliod cell ("Lennert's") lymphoma	Immunohistochemical stain shows diffuse membranous positivity in a dense population of small-to-medium lymphoid cells with mildly irregular nuclei. Interspersed negative cells with pale oval nuclei and abundant cytoplasm, consistent with epithelioid histiocytes, and small negative vessels are also present. The antibody is not labeled, so the specific lineage marker cannot be read from the image, although the membranous pattern in the predominant lymphoid population is typical of a pan-T-cell marker such as CD3 or CD2. In the context of the title, the findings are compatible with the T-cell-predominant infiltrate of lymphoepithelioid (Lennert) lymphoma, a variant of peripheral T-cell lymphoma, NOS, which requires assessment for aberrant antigen loss and TCR clonality.	https://imagebank.hematology.org/image/60528/lymphoepitheliod-cell-lennerts-lymphoma?type=upload
60529	partial	Lymphoepitheliod cell ("Lennert's") lymphoma	Immunohistochemical stain shows crisp membranous positivity in numerous small-to-medium lymphoid cells with mildly irregular nuclei, arranged singly and in small clusters. They are intermixed with negative cells bearing oval to elongated pale nuclei and abundant cytoplasm, consistent with epithelioid histiocytes. The antibody is not labeled, so the marker cannot be identified from the image, although the membranous pattern in lymphoid cells is typical of a T-cell antigen. In the context of the title, the image illustrates the T-cell infiltrate admixed with numerous epithelioid histiocytes in lymphoepithelioid (Lennert) lymphoma, a variant of peripheral T-cell lymphoma, NOS.	https://imagebank.hematology.org/image/60529/lymphoepitheliod-cell-lennerts-lymphoma?type=upload
60530	partial	Lymphoepitheliod cell ("Lennert's") lymphoma	Immunohistochemical stain shows strong membranous and cytoplasmic staining in a subset of scattered, irregularly shaped small-to-medium lymphoid cells, evenly distributed through the infiltrate. The majority of the cells, including larger cells with pale oval nuclei resembling epithelioid histiocytes, are negative, with only faint background blush. The antibody is not labeled, so it cannot be determined from the image which lineage subset is highlighted; a pattern like this would be expected with a T-cell subset marker (such as CD8) or a cytotoxic marker. In the context of the title, this represents part of the immunophenotypic workup of lymphoepithelioid (Lennert) lymphoma, a variant of peripheral T-cell lymphoma, NOS.	https://imagebank.hematology.org/image/60530/lymphoepitheliod-cell-lennerts-lymphoma?type=upload
60531	partial	Lymphoepitheliod cell ("Lennert's") lymphoma	Immunohistochemical stain of a lymphoid lesion shows scattered large cells with abundant cytoplasm and oval pale nuclei displaying granular cytoplasmic and membranous positivity, distributed among a dense population of negative small-to-medium lymphoid cells. The morphology of the positive cells favors histiocytes, but the antibody is not specified and the stained population cannot be definitively assigned from the image. In the context of the title, the image highlights the numerous interspersed epithelioid histiocytes characteristic of lymphoepithelioid (Lennert) lymphoma, a variant of peripheral T-cell lymphoma, NOS.	https://imagebank.hematology.org/image/60531/lymphoepitheliod-cell-lennerts-lymphoma?type=upload
60532	partial	Lymphoepitheliod cell ("Lennert's") lymphoma	Section at medium power shows a dense, diffuse infiltrate of small-to-medium lymphoid cells with irregular hyperchromatic nuclei, extending into surrounding fibrous tissue and adipose tissue where it encircles individual fat cells. Small, ill-defined clusters of pale epithelioid histiocytes are interspersed within the infiltrate, but they are not conspicuous at this magnification. No residual follicles or necrosis are seen. The image supports a diffuse atypical lymphoid infiltrate with extranodal/perinodal extension; in the context of the title it is compatible with lymphoepithelioid (Lennert) variant of peripheral T-cell lymphoma, NOS, which requires high-power assessment and T-cell immunophenotyping with clonality studies.	https://imagebank.hematology.org/image/60532/lymphoepitheliod-cell-lennerts-lymphoma?type=upload
60535	partial	Lymphoepitheliod cell ("Lennert's") lymphoma	Immunohistochemical stain of a lymphoid lesion shows numerous scattered small-to-medium cells with coarse granular cytoplasmic positivity, distributed among a background of negative cells with pale oval to reniform nuclei and abundant cytoplasm resembling epithelioid histiocytes. The antibody is not specified, so the stained population cannot be definitively assigned; a granular cytoplasmic pattern of this kind is typical of cytotoxic granule proteins (TIA-1, granzyme B, perforin) or lysosomal markers such as CD68. In the context of the title, the image illustrates the mixed population of lymphoepithelioid cell (Lennert) lymphoma, a variant of peripheral T-cell lymphoma, NOS, in which neoplastic T cells frequently show a cytotoxic phenotype amid abundant epithelioid histiocytes.	https://imagebank.hematology.org/image/60535/lymphoepitheliod-cell-lennerts-lymphoma?type=upload
60537	partial	EATL Type I	Composite immunohistochemical figure of small-intestinal tissue compares tumor areas with the adjacent mucosa. In the lymphoma areas, one marker stains a dense infiltrate diffusely, a second highlights only scattered cells with the tumor cells negative, and a third shows strong staining in sheets of medium-to-large atypical lymphoid cells. In the adjacent enteropathic mucosa, the same markers highlight markedly increased intraepithelial lymphocytes within surface and crypt epithelium. Because the antibodies are not labeled, the specific phenotype cannot be read from the image alone; in the context of the title, the pattern of a T-cell tumor with an adjacent intraepithelial lymphocytosis is consistent with enteropathy-associated T-cell lymphoma (classic EATL, formerly type I), typically CD3+, CD4-, CD8-, CD56-, often CD30+.	https://imagebank.hematology.org/image/60537/eatl-type-i?type=upload
60545	partial	Chronic lymphoproliferative disorder of NK cells 1	Peripheral blood smear shows normochromic red cells, some with slit-like central pallor, and adequate scattered platelets. Two medium-sized lymphocytes are present with round to slightly irregular nuclei, coarse mature chromatin, no nucleoli, and a moderate rim of pale cytoplasm. Cytoplasmic azurophilic granules are not clearly resolved in this field, so large granular lymphocyte morphology is only suggested. In a patient with years of stable lymphocytosis and an NK-cell phenotype on flow cytometry, findings are consistent with chronic lymphoproliferative disorder of NK cells.	https://imagebank.hematology.org/image/60545/chronic-lymphoproliferative-disorder-of-nk-cells-1?type=upload
60554	partial	Plasma cell leukemia 3	Low-power view of a peripheral blood smear shows marked rouleaux formation, with red cells stacked in long, branching chains across the field, suggesting a high concentration of serum immunoglobulin. A single cell with deeply basophilic cytoplasm is present centrally, but the magnification and resolution do not allow confident identification as a plasma cell. Leukocytosis is not appreciable in this field. The rouleaux supports a paraproteinemia, and in the given clinical context the findings are suggestive of a plasma cell neoplasm such as plasma cell leukemia; higher-power review and a quantitative plasma cell count are required.	https://imagebank.hematology.org/image/60554/plasma-cell-leukemia-3?type=upload
60570	partial	Reed Sternberg Cells 2	Lymph node section at high power shows a large atypical cell with abundant pale cytoplasm set in a retraction space, containing two apposed vesicular nuclei with thin nuclear membranes and a prominent inclusion-like eosinophilic macronucleolus. The background consists of small lymphocytes, histiocytes and scattered eosinophils. Although the image caption describes a mononuclear variant, the depicted cell appears bilobed/binucleate at this plane of section. Findings are consistent with a Hodgkin/Reed-Sternberg cell of classic Hodgkin lymphoma; confirmation with CD30, CD15, PAX5 (weak) and CD45 negativity is recommended.	https://imagebank.hematology.org/image/60570/reed-sternberg-cells-2?type=upload
60587	partial	Cloaked in a starry sky	Low-power H&E section shows lymphoid tissue with multiple ill-defined nodules surrounded by small lymphocytes, without obvious diffuse effacement at this magnification. A nuclear immunostain highlights two sharply circumscribed nodules with near-uniform strong nuclear positivity, whereas the remaining nodules and interfollicular regions show only scattered positive nuclei. The starry-sky pattern cannot be assessed at this resolution, and the antibody is not labeled; high-power morphology, MYC FISH and a complete B-cell phenotype (CD10, BCL6, BCL2 negative) are required. In the stated context, findings are suggestive of Burkitt lymphoma with a follicular/nodular (in situ-like) distribution cloaked within otherwise preserved lymphoid tissue.	https://imagebank.hematology.org/image/60587/cloaked-in-a-starry-sky?type=upload
60592	partial	Revision of the diagnosis of a case of hereditary hemolytic anemia by supravital staining	Supravitally stained peripheral blood smear shows that the large majority of red cells contain dark blue precipitated material, ranging from fine reticular networks to coarse clumped granular inclusions (arrow). The pattern indicates marked reticulocytosis with intraerythrocytic precipitates rather than the uniform golf-ball stippling of hemoglobin H. At this magnification reticulocyte RNA cannot be reliably distinguished from membrane-bound Heinz bodies, which should be confirmed with crystal violet staining, heat/isopropanol stability testing and globin gene sequencing. Findings are suggestive of hereditary hemolytic anemia due to an unstable hemoglobin.	https://imagebank.hematology.org/image/60592/revision-of-the-diagnosis-of-a-case-of-hereditary-hemolytic-anemia-by-supravital-staining?type=upload
60605	partial	Chance identification of synchronous hairy cell leukemia and plasma cell myeloma in a potential HSC donor	Bone marrow aspirate smear shows numerous medium-sized lymphoid cells with oval to bean-shaped nuclei, finely dispersed chromatin and abundant pale gray-blue cytoplasm with irregular margins, consistent with hairy cells. Admixed is a large atypical plasma cell with an eccentric nucleus, prominent perinuclear hof and basophilic cytoplasm. A dual-color immunohistochemical stain on the core biopsy highlights two distinct populations (red cytoplasmic/membranous and brown nuclear staining); the specific markers are not labeled in this figure. In conjunction with flow cytometry (CD11c, CD25, CD103, CD123) and plasma cell clonality studies, findings are consistent with concurrent hairy cell leukemia and plasma cell neoplasm.	https://imagebank.hematology.org/image/60605/chance-identification-of-synchronous-hairy-cell-leukemia-and-plasma-cell-myeloma-in-a-potential-hsc-?type=upload
60614	partial	Graft-versus-leukemia in the bone marrow	The post-transplant bone marrow biopsy (H&E) shows a cellular infiltrate composed of intermediate to large atypical cells intermixed with numerous small lymphocytes and histiocytes. A panel of immunohistochemical stains demonstrates a dense population of positively staining lymphoid cells with membranous and cytoplasmic patterns, closely apposed to negative larger residual cells, while another stain shows granular dot-like positivity in a subset of cells. Because the antibodies are not identified in the figure, lineage cannot be assigned from the image alone. In the appropriate post-transplant context, findings are suggestive of a donor T-cell infiltrate targeting residual leukemia (graft-versus-leukemia effect), which should be supported by chimerism studies and immunophenotyping.	https://imagebank.hematology.org/image/60614/graftversusleukemia-in-the-bone-marrow?type=upload
60651	partial	FISH: negative. Morphology: positive.	Bone marrow aspirate smear shows sheets of abnormal promyelocytes with round to folded nuclei, fine chromatin, and abundant cytoplasm filled with coarse azurophilic granules. Several cells contain bundles of numerous needle-like Auer rods (faggot cells), and occasional cells show bilobed nuclei with less granular cytoplasm. Normal granulocytic maturation beyond the promyelocyte stage is markedly reduced. The morphology is characteristic of acute promyelocytic leukemia; a negative PML::RARA FISH result should prompt RT-PCR or sequencing for a cryptic/submicroscopic PML::RARA insertion or a variant RARA fusion. Note that the assigned category (EBV-positive T-cell lymphoproliferative disorder) does not correspond to this image.	https://imagebank.hematology.org/image/60651/fish-negative-morphology-positive?type=upload
60660	partial	EBV-driven HIV-associated diffuse large B-cell lymphoma causing profound lactic acidosis	Tissue section (panel A) shows squamous mucosa with an underlying hemorrhagic stroma infiltrated by atypical, hyperchromatic large lymphoid cells; the yellow color cast of the image limits cytologic detail. The marrow biopsy (panel B) shows a fatty marrow in which numerous large cells display dark nuclear signal, consistent with EBER in situ hybridization highlighting EBV-infected tumor cells (the stain is not labeled in the image). No specific B-cell marker staining is shown. In an HIV-positive patient, findings are consistent with EBV-positive diffuse large B-cell lymphoma involving mucosa and bone marrow, a setting in which a high tumor burden can cause type B lactic acidosis (Warburg effect).	https://imagebank.hematology.org/image/60660/ebvdriven-hivassociated-diffuse-large-bcell-lymphoma-causing-profound-lactic-acidosis?type=upload
60668	partial	Pancytopenia in a patient with methylmalonic acidemia	Peripheral blood smear (inset) shows marked anisopoikilocytosis with macro-ovalocytes, fragmented forms, and circulating nucleated red cells with nuclear irregularity. The bone marrow aspirate shows erythroid precursors with enlarged nuclei and finely dispersed, sieve-like chromatin and nuclear-cytoplasmic asynchrony, consistent with megaloblastoid erythropoiesis; granulocytic and megakaryocytic lineages cannot be adequately assessed in this field. Several dark-rimmed refractile ring-shaped objects over red cells are most likely preparation artifact. In a patient with methylmalonic acidemia, findings are consistent with megaloblastic-type ineffective hematopoiesis due to impaired cobalamin-dependent metabolism rather than true marrow aplasia.	https://imagebank.hematology.org/image/60668/pancytopenia-in-a-patient-with-methylmalonic-acidemia?type=upload
60692	partial	Rapid evolution of intracranial myeloid sarcoma in 4 weeks: images in blood	Serial axial MRI images (panels A-C) show a right temporal lesion that progresses from a subtle area of hyperintensity to a large contrast-enhancing mass with mass effect over approximately four weeks. Biopsy (H&E, panel D) shows a diffuse, sheet-like infiltrate of monotonous immature mononuclear cells with fine chromatin and scant cytoplasm, without cohesive epithelial architecture. The accompanying immunostains (panels E and F) show diffuse tumor-cell positivity, but the antigens are not labeled and the image color quality limits interpretation. In the appropriate context with myeloid marker expression (e.g., MPO, CD33, CD117), findings are consistent with intracranial myeloid sarcoma.	https://imagebank.hematology.org/image/60692/rapid-evolution-of-intracranial-myeloid-sarcoma-in-4-weeks-images-in-blood?type=upload
60697	partial	An unusual cause of ascites	Axial contrast-enhanced CT shows hepatosplenomegaly without a discrete hepatic mass. The liver biopsy shows preserved hepatocyte plates with fine pigment and numerous dark purple-black cell clusters distributed within the sinusoids and portal areas; the stain is not labeled, but the appearance suggests a chromogenic in situ hybridization or immunostain highlighting an infiltrating cell population. In the context of a plasma cell neoplasm, findings are suggestive of diffuse sinusoidal hepatic infiltration by neoplastic plasma cells as the cause of portal hypertension and ascites; the marker identity and light chain restriction should be confirmed from the original report.	https://imagebank.hematology.org/image/60697/an-unusual-cause-of-ascites?type=upload
60700	partial	T-cell primary effusion lymphoma with pseudo-monoclonal rearrangements for immunoglobulin heavy chain	Cytologic preparation of the effusion shows large atypical lymphoid cells with irregular nuclei, coarse chromatin and deeply basophilic cytoplasm. Flow cytometry plots and immunostains (markers not labeled/legible in the figure) characterize the population, with one marker diffusely positive, one showing nuclear positivity in most cells and one negative. Fragment analysis demonstrates a dominant TRG peak as well as a dominant IGH FR3 peak. In context, findings are consistent with a T-cell lymphoma presenting as a primary effusion-based lymphoma, with the IGH peak representing a pseudo-monoclonal result (limited template or cross-lineage rearrangement) that should not override the immunophenotype.	https://imagebank.hematology.org/image/60700/tcell-primary-effusion-lymphoma-with-pseudomonoclonal-rearrangements-for-immunoglobulin-heavy-chain?type=upload
60718	partial	Rare and strange invader	Bone marrow core biopsy is hypercellular and contains, in addition to trilineage hematopoiesis, a population of large atypical epithelioid cells with abundant pale cytoplasm, vesicular nuclei and prominent nucleoli. An immunostain (marker not labeled in the figure) highlights scattered, partly elongated cells. The findings are suggestive of marrow infiltration by a non-hematopoietic malignancy; the specific tumor type cannot be established from this image alone and requires a full IHC panel (cytokeratin, S100/SOX10, melanocytic and lineage-specific markers) with clinical correlation.	https://imagebank.hematology.org/image/60718/rare-and-strange-invader?type=upload
60904	partial	Classical Hodgkin lymphoma involving bone marrow	Bone marrow core biopsy shows a focal lesion that replaces normal hematopoietic elements and is composed of fibrous stroma with spindled fibroblasts and a mixed inflammatory infiltrate of small lymphocytes, histiocytes and occasional eosinophils. Scattered larger cells with vesicular nuclei are present, although unequivocal Hodgkin/Reed-Sternberg cells are not clearly identified at this magnification. In a patient with classical Hodgkin lymphoma, the fibrotic mixed-cell lesion is consistent with marrow involvement; immunostains for CD30, CD15, PAX5 (weak) and CD45 are recommended to highlight the neoplastic cells.	https://imagebank.hematology.org/image/60904/classical-hodgkin-lymphoma-involving-bone-marrow?type=upload
60925	partial	Cabot ring	Peripheral blood smear shows marked anisopoikilocytosis with macro-ovalocytes, teardrop cells and small fragmented red cells. Two red cells with diffuse purple staining and fine stippling are present; within the upper central cell a faint curvilinear inclusion is barely perceptible, which may represent a Cabot ring, although a well-formed ring or figure-eight loop cannot be confidently resolved at this image resolution. Platelets are sparse and no leukocytes are present in the field. The red cell changes are suggestive of megaloblastic anemia, in keeping with the stated vitamin B12 deficiency; the Cabot ring itself is only equivocally demonstrated.	https://imagebank.hematology.org/image/60925/cabot-ring?type=atlas
60943	partial	A rare histologic variant of a common lymphoma	Lymph node sections show effacement of architecture by numerous back-to-back neoplastic follicles. The follicles are expanded by pale eosinophilic, acellular amorphous material in which neoplastic follicle center cells are dispersed, while interfollicular areas contain small dark lymphocytes. Immunostains show intense staining of the intrafollicular deposits in one panel, nuclear positivity of intrafollicular cells in another, and diffuse strong lymphoid staining in a third; antigens are not labeled in the figure. In the context of the stated diagnosis, findings are consistent with follicular lymphoma with intrafollicular extracellular eosinophilic (proteinaceous) deposits, a rare histologic variant; Congo red and immunoglobulin stains help characterize the material.	https://imagebank.hematology.org/image/60943/a-rare-histologic-variant-of-a-common-lymphoma?type=upload
60974	partial	Auer rod-like inclusions in multiple myeloma 1	Bone marrow aspirate smear shows an isolated elongated plasma cell with an eccentric nucleus, clumped chromatin and deeply basophilic cytoplasm with slightly frayed borders. Faint pink-purple linear striations are seen over the cytoplasm and nucleus, possibly representing azurophilic rod-like inclusions, although they are not sharply resolved at this magnification. Scattered red cells show crenation artifact. The image is compatible with a plasma cell containing Auer rod-like inclusions as described in the myeloma case, but the inclusions are only partially demonstrated.	https://imagebank.hematology.org/image/60974/auer-rodlike-inclusions-in-multiple-myeloma-1?type=upload
60975	partial	Auer rod-like inclusions in multiple myeloma 2	Bone marrow aspirate smear shows two closely apposed plasma cells, possibly a binucleate form, with round eccentric nuclei, clumped chromatin and abundant intensely basophilic cytoplasm with a fibrillary, frayed border. Faint pink-purple filamentous material is present within the cytoplasm, but discrete rod-shaped azurophilic inclusions are not clearly resolved at this resolution. The red cells in the background show drying artifact. The plasma cells are compatible with the reported myeloma, but the Auer rod-like inclusions in the title are only partially demonstrated in this field.	https://imagebank.hematology.org/image/60975/auer-rodlike-inclusions-in-multiple-myeloma-2?type=upload
60977	partial	Free and intracellular bacteria on peripheral blood smear	Peripheral blood smear shows numerous small, darkly basophilic bacteria forming two aggregates, one lying free on disrupted cytoplasmic debris and one packed within a neutrophil. Adjacent neutrophils show marked cytoplasmic vacuolization with fine granular debris, in keeping with phagocytosis and cell degeneration. On Wright-Giemsa stain the organisms appear as short rods or paired coccoid forms; morphology on a Romanowsky-stained smear cannot reliably distinguish cocci from coccobacilli or identify species, so correlation with Gram stain and blood culture (reported as Staphylococcus capitis) is essential. Findings are consistent with overwhelming bacteremia with both free and phagocytosed organisms.	https://imagebank.hematology.org/image/60977/free-and-intracellular-bacteria-on-peripheral-blood-smear?type=upload
60993	partial	A case of bad Carma!	Low-power H&E section of lymphoid tissue shows numerous pale follicle-like nodules of variable size within a densely cellular background. An immunostain (antibody not specified) highlights the rims surrounding the nodules and the interfollicular areas, whereas the nodule centers are largely negative with only scattered positive cells (arrows). The architecture is altered but the findings are nonspecific at this magnification, and a CARD11/CARMA1-related immunodeficiency cannot be diagnosed on morphology alone; correlation with lineage-specific immunostains, flow cytometry of lymphocyte subsets and genetic testing is required. The image is only partially informative for the stated entity.	https://imagebank.hematology.org/image/60993/a-case-of-bad-carma?type=upload
60998	partial	Peripheral T-cell lymphoma with EBV-infected “anaplastic” B-cell proliferation confined to sinuses	Lymph node sections show architectural effacement by a diffuse atypical lymphoid infiltrate, with immunostains highlighting an extensive T-cell population. In addition, large pleomorphic cells with abundant cytoplasm and bizarre nuclei are present, distributed within and confined to lymph node sinuses, where they are highlighted by further immunostains and a nuclear stain pattern suggestive of EBER in situ hybridization. The specific markers are not labeled in the figure and cytology is limited by resolution. Findings are consistent with peripheral T-cell lymphoma, NOS, accompanied by an EBV-driven large B-cell proliferation with anaplastic morphology restricted to sinuses, which should not be mistaken for anaplastic large cell lymphoma or a composite B-cell lymphoma.	https://imagebank.hematology.org/image/60998/peripheral-tcell-lymphoma-with-ebvinfected-anaplastic-bcell-proliferation-confined-to-sinuses?type=upload
61000	partial	A man with low back pain and anemia	Note: the record description refers to MRI STIR signal changes of the lumbar spine, but the image provided is a bone marrow aspirate smear rather than a radiologic study. The smear shows a mixed hematopoietic population with granulocytic precursors, an eosinophil and small lymphocytes, together with several plasma cells showing eccentric nuclei, coarse chromatin and basophilic cytoplasm. A large cell at the lower right contains multiple round nuclei within abundant blue cytoplasm, favoring a multinucleated plasma cell over an osteoclast. The yellow color cast limits evaluation of subtle cytoplasmic features. Plasma cell quantification on a well-stained smear and CD138/light-chain studies are required; findings are suggestive of a plasma cell neoplasm in the appropriate clinical context.	https://imagebank.hematology.org/image/61000/a-man-with-low-back-pain-and-anemia?type=upload
61006	partial	aCML marrow	Bone marrow aspirate smear is thick and heavily overstained, with nucleated cells appearing as dark blue masses lacking discernible chromatin or cytoplasmic detail, crenated red cells and abundant granular background debris. A large oval cell in the center with homogeneous pale blue staining may represent a mononuclear or hypolobated megakaryocyte, but this cannot be confirmed. A cellular particle is present at the right edge, suggesting a cellular specimen. Owing to staining and thickness artifacts, lineage assignment and dysplasia assessment are not possible from this image, and the findings are only nonspecifically compatible with the stated diagnosis of atypical CML.	https://imagebank.hematology.org/image/61006/acml-marrow?type=upload
61017	partial	Hematogones	Bone marrow aspirate smear from a child shows a cellular particle-adjacent field containing a cluster of medium-sized immature mononuclear cells with round nuclei, fine homogeneous chromatin, inconspicuous nucleoli and a variable rim of basophilic cytoplasm, admixed with maturing granulocytic precursors and occasional small mature lymphocytes. The cells lack overt nuclear atypia or prominent nucleoli. Although submitted as hematogones, several cells in this cluster have more abundant, deeply basophilic cytoplasm than classic hematogones and overlap morphologically with early erythroid precursors or blasts. Morphology alone cannot reliably separate hematogones from lymphoblasts; flow cytometry demonstrating a normal, continuous B-cell maturation pattern (CD34/CD10/CD20/CD19) is required for confirmation.	https://imagebank.hematology.org/image/61017/hematogones?type=upload
61047	partial	Leishmania bodies	Smear from the provided bone marrow aspirate shows sparse cellularity with scattered red cells and a mononuclear cell containing a few azurophilic granules. The arrow highlights a small extracellular oval body, much smaller than a red cell, with a nucleus and an adjacent dark punctate structure suggestive of a kinetoplast, compatible with a Leishmania amastigote. A second dark inclusion overlying a red cell is of uncertain significance. Intracellular amastigotes within macrophages are not seen in this field, and a single organism at this resolution is not definitive. Findings are suggestive of Leishmania bodies; review of additional fields for parasitized macrophages, culture, or PCR is recommended.	https://imagebank.hematology.org/image/61047/leishmania-bodies?type=upload
61048	partial	Leishmania bodies	Smear field composed mainly of red cells with scattered small debris. A single small oval body overlying a red cell contains a dense purple chromatin dot and could represent a free amastigote, but a distinct nucleus plus rod-shaped kinetoplast cannot be resolved at this magnification. No macrophages containing organisms are seen in this particular field. Therefore the image only partially supports the stated diagnosis of leishmaniasis; examination of histiocyte-rich areas for clusters of amastigotes with a nucleus and kinetoplast, or PCR/culture, is needed for confirmation.	https://imagebank.hematology.org/image/61048/leishmania-bodies?type=upload
61056	partial	Giant granule and platelets...	Peripheral blood smear, two fields with an inset. Red cells are largely normocytic and normochromic. A giant platelet approaching the size of a red cell, with abundant azurophilic granules and no nucleus, is present next to a lymphocyte. Arrows mark small granular purple bodies lying on or beside red cells, which on close inspection have the appearance of platelets rather than true intraerythrocytic inclusions. The image alone does not establish the specific underlying disorder referenced by the title; findings should be interpreted with platelet count and clinical history.	https://imagebank.hematology.org/image/61056/giant-granule-and-platelets?type=upload
61059	partial	AIHA	Peripheral blood smear shows anisocytosis with many enlarged round red cells and occasional smaller dense cells lacking central pallor, suggestive of spherocytes. No agglutinates, schistocytes or nucleated red cells are seen in this field; platelets appear adequate. The color cast of the photograph limits recognition of polychromasia, and spherocytes are not prominent in this image. In the context of a positive direct antiglobulin test with a warm IgG antibody, findings are consistent with warm autoimmune hemolytic anemia.	https://imagebank.hematology.org/image/61059/aiha?type=upload
61064	partial	Gaucher disease 2	Bone marrow aspirate smear shows a large histiocyte with a small eccentric nucleus and abundant pale blue-gray cytoplasm containing fine granules and a faint fibrillary texture approaching a wrinkled tissue-paper appearance. The cytoplasm is not vacuolated or foamy. The background is crowded and poorly stained, and the characteristic striations are less distinct than in classic examples. In an infant with anemia and massive hepatosplenomegaly, findings are consistent with a Gaucher cell, and diagnosis should be confirmed by glucocerebrosidase enzyme assay and GBA1 genotyping.	https://imagebank.hematology.org/image/61064/gaucher-disease-2?type=upload
61066	partial	Helmet cell	Peripheral blood smear is weakly stained and shows red cells with frequent crenation and abundant intracellular refractile dots attributable to drying/water artifact. A few fragmented red cells with straight cut edges and pointed projections resembling helmet cells, as well as small irregular fragments, are present, and platelets appear decreased in the field. The artifact limits quantification of schistocytes and assessment of polychromasia. In the clinical context of SLE with seizure and thrombocytopenia, the fragmented cells are compatible with microangiopathic hemolytic anemia (TTP), but a well-stained smear is needed for a reliable schistocyte count.	https://imagebank.hematology.org/image/61066/helmet-cell?type=upload
61067	partial	plasma cell leukemia 1	Peripheral blood smear shows a single large cell with an eccentric round nucleus containing a distinct nucleolus and abundant homogeneous deep blue cytoplasm, consistent with an immature circulating plasma cell. Background red cells show rouleaux-like stacking and refractile artifacts limit evaluation. Because only one cell is shown, the proportion of circulating plasma cells cannot be determined from this image. In a myeloma patient with leukocytosis, a differential count showing ≥5% circulating clonal plasma cells supports plasma cell leukemia; flow cytometry (CD38/CD138, light-chain restriction) is recommended.	https://imagebank.hematology.org/image/61067/plasma-cell-leukemia-1?type=upload
61068	partial	plasma cell leukemia 2	Peripheral blood smear shows a single circulating plasma cell with an eccentric round nucleus, coarse chromatin, and deeply basophilic cytoplasm with a perinuclear hof. Background red cells show rouleaux-like stacking, and refractile debris artifacts are present. Only one plasma cell is shown, so the proportion of circulating plasma cells cannot be assessed from this image. In a patient with myeloma and leukocytosis, a manual differential showing ≥5% circulating plasma cells (current WHO/IMWG threshold; historically ≥20%) would support plasma cell leukemia.	https://imagebank.hematology.org/image/61068/plasma-cell-leukemia-2?type=upload
61091	partial	Cystic splenomegaly: ectopic adenocarcinoma of unknown primary	Contrast CT shows marked splenic enlargement due to a large, thin-walled cystic lesion with fine septations. Histologic sections show a cyst wall lined by an epithelial layer overlying compressed splenic parenchyma, and immunostains highlight the lining epithelium. The antibodies are not labeled and cytologic atypia cannot be judged at the available resolution. In context, findings are consistent with a cystic splenic lesion lined by epithelium; correlation with keratin/CK7/CK20/CDX2/TTF-1 profile and exclusion of a mesothelial or true epithelial cyst is needed to support metastatic adenocarcinoma of unknown primary.	https://imagebank.hematology.org/image/61091/cystic-splenomegaly-ectopic-adenocarcinoma-of-unknown-primary?type=upload
61096	partial	CART attack	Bone marrow core biopsy shows a hypercellular marrow containing a discrete, densely cellular nodule (outlined) composed of small to intermediate cells with high N:C ratios. An immunostain shows diffuse positivity within the nodule, whereas a second immunostain highlights a population of cells largely surrounding the nodule with only scattered small clusters within it. The antibodies are not labeled in the figure and cytologic detail is limited by image resolution. In a patient with B-lymphoblastic leukemia treated with CAR T cells, the pattern suggests a residual/relapsing blast focus with peripheral T-cell infiltration; correlation with CD19, CD22, TdT and CD3 stains and flow cytometry for antigen loss is required.	https://imagebank.hematology.org/image/61096/cart-attack?type=upload
61151	partial	CD25 IHC	Immunohistochemical stain for CD25 on a densely cellular infiltrate composed of medium to large cells with oval to reniform nuclei and moderate amounts of pale cytoplasm. Only scattered cells show weak, fine granular cytoplasmic staining; the majority of the infiltrate lacks definite reactivity, and the dot-like pattern should be distinguished from pigment or nonspecific deposits. Interpretation requires correlation with CD117 and tryptase stains on the same infiltrate; aberrant CD25 expression by mast cells, if confirmed, supports systemic mastocytosis, here in the context of mast cell leukemia.	https://imagebank.hematology.org/image/61151/cd25-ihc?type=upload
61152	partial	Mast cell Leukemia	Peripheral blood smear at low power shows normochromic red cells with several segmented neutrophils and small lymphocytes. One cell contains abundant coarse, dark purple metachromatic granules that spill beyond an indistinct cytoplasmic border and obscure the nucleus, consistent with a circulating mast cell rather than a basophil, although distinction is limited at this magnification. A single such cell is insufficient to quantify leukemic involvement; a manual differential and marrow evaluation (mast cells ≥20% in the aspirate) are required. Findings are suggestive of circulating mast cells in the setting of mast cell leukemia.	https://imagebank.hematology.org/image/61152/mast-cell-leukemia?type=upload
61166	partial	Microfilaria entangled within marrow particles	Low-power view of a bone marrow aspirate smear shows a cellular marrow particle containing fat vacuoles and cellular trails extending from it. At this magnification and image quality, the microfilaria described as entangled within the particle cannot be distinctly identified; high-power examination of the particle edges is required. In the stated clinical context of pancytopenia with microfilariae seen in blood and marrow, the image documents the particle in which the parasite was found, but it is not independently diagnostic of filariasis.	https://imagebank.hematology.org/image/61166/microfilaria-entangled-within-marrow-particles?type=upload
61185	partial	Peripheral blood film shows normal RBC density with normocytic normochromic cells, few acanthocytes and fewer target cells.	Peripheral blood smear shows red cells of normal density that are largely normocytic and normochromic. Scattered spiculated red cells are present, most with regular short projections more in keeping with echinocytes, and a few with irregular spicules resembling acanthocytes; target cells are not convincingly seen in this field. A small lymphocyte and adequate platelets are present. The morphology is nonspecific and does not by itself indicate a hemoglobinopathy; correlation with the HPLC finding of a large peak in the HbA2 window is required.	https://imagebank.hematology.org/image/61185/peripheral-blood-film-shows-normal-rbc-density-with-normocytic-normochromic-cells-few-acanthocytes-a?type=upload
61198	partial	Giant platelets 1	Peripheral blood smear shows a giant platelet approaching red cell size with preserved purple granulation, contrasting with a normal-sized platelet nearby. Two neutrophils show normal granulation without obvious Döhle-like cytoplasmic inclusions, and red cells are unremarkable. Only a single giant platelet is present in this low-resolution field, so the degree of macrothrombocytopenia cannot be assessed. The finding is compatible with an inherited macrothrombocytopenia such as Bernard-Soulier syndrome, which requires absent ristocetin-induced agglutination and reduced GPIb-IX-V expression by flow cytometry for confirmation.	https://imagebank.hematology.org/image/61198/giant-platelets-1?type=upload
61231	partial	Low power: H&E	H&E section of lymph node at intermediate power shows a dense mixed infiltrate of small lymphocytes and plasma cells with scattered aggregates of large histiocytes having abundant pale cytoplasm and round vesicular nuclei. A few histiocytes appear to harbor intracytoplasmic lymphocytes, although emperipolesis is not well resolved at this magnification. Dilated sinuses are not clearly demonstrated in this particular field. The findings are suggestive of Rosai-Dorfman disease, best confirmed by higher-power demonstration of emperipolesis and S100-positive, CD1a-negative histiocytes.	https://imagebank.hematology.org/image/61231/low-power-he?type=upload
61240	partial	Classical Reed-Sternberg cell	Wright-stained bone marrow aspirate smear shows a large binucleate cell with two symmetric, round nuclei with fine chromatin and moderate amounts of pale cytoplasm, set in a mixed background of lymphocytes, plasma cells and maturing granulocytes. The prominent inclusion-like nucleoli typical of Reed-Sternberg cells are not clearly discernible at this image resolution. The appearance is suggestive of a Reed-Sternberg-type cell in classical Hodgkin lymphoma involving marrow, but aspirate findings alone are not diagnostic; trephine biopsy with CD30, CD15 and PAX5 (weak) immunohistochemistry is required.	https://imagebank.hematology.org/image/61240/classical-reedsternberg-cell?type=upload
61250	partial	Metastatic breast cancer cells	Low-power view of a Wright-stained bone marrow aspirate smear shows a cellular spread with scattered fat vacuoles. An aggregate of larger, darker-staining cells (arrow) stands out from the dispersed hematopoietic cells, suggesting a cohesive cell cluster. Nuclear and cytoplasmic detail cannot be evaluated at this magnification, and dense thick areas limit interpretation. The finding is suggestive of metastatic tumor clusters but requires high-power examination and immunohistochemical confirmation on the trephine biopsy.	https://imagebank.hematology.org/image/61250/metastatic-breast-cancer-cells?type=upload
61252	partial	Wright stain 4	Low-power view of a Wright-stained bone marrow aspirate smear shows a cellular spread with scattered fat vacuoles and hematopoietic elements. Several discrete, cohesive clusters of larger cells stand out from the dispersed marrow cells. Cytologic detail cannot be assessed at this magnification, and a thick particle at the upper right is not interpretable. In the appropriate clinical context, cohesive clusters are suggestive of metastatic non-hematopoietic tumor; high-power review and correlation with the core biopsy and immunohistochemistry are required.	https://imagebank.hematology.org/image/61252/wright-stain-4?type=upload
61271	partial	Neuroblastoma in BM 3	Bone marrow aspirate smear shows scattered pink fibrillary aggregates with a lacy texture, overlapped by red cells, together with scattered small round cells with dense nuclei and scant cytoplasm and occasional maturing granulocytes. Cohesive tumor clusters or Homer Wright rosettes are not clearly seen in this field, and the color cast and focus limit assessment of chromatin and cytoplasmic detail. The fibrillary material may represent neuropil or crushed tumor cells, but this is not definitive on this image alone. Findings are suggestive of, but not diagnostic for, marrow involvement by neuroblastoma; correlation with other fields, biopsy and immunohistochemistry (PHOX2B, synaptophysin, CD56) is required.	https://imagebank.hematology.org/image/61271/neuroblastoma-in-bm-3?type=upload
61292	partial	Lymphocyte morphology	Peripheral blood smear shows two lymphocytes against a background of normocytic red cells and adequate platelets with occasional clumps. The lower-left cell is a small lymphocyte with a dense round nucleus and a narrow rim of deeply basophilic cytoplasm, consistent with a reactive, plasmacytoid lymphocyte. The upper-right cell is larger with an eccentric nucleus and more abundant pale cytoplasm, consistent with a large granular lymphocyte, although cytoplasmic azurophilic granules are not well resolved at this magnification. These findings illustrate normal lymphocyte morphologic variants.	https://imagebank.hematology.org/image/61292/lymphocyte-morphology?type=upload
61303	partial	Hemophagocytosis	Bone marrow aspirate smear shows several large macrophages with abundant foamy, vacuolated cytoplasm. Multiple hematopoietic cells, including neutrophils and immature myeloid precursors, are situated within the macrophage cytoplasm, consistent with phagocytosis of hematopoietic elements. Preparation quality is suboptimal with poorly spread red cells and streak artifact, and overlap cannot be fully excluded for every cell. Findings are suggestive of hemophagocytosis; correlation with clinical and laboratory HLH criteria (ferritin, soluble CD25, cytopenias, fever, splenomegaly) is recommended.	https://imagebank.hematology.org/image/61303/hemophagocytosis?type=upload
61328	partial	AML - Auer Rod	Peripheral blood smear shows a single intermediate-sized blast with a round, slightly eccentric nucleus, finely dispersed chromatin, and a moderate rim of pale blue cytoplasm lacking obvious granules. A thin, dark, needle-shaped linear inclusion is present along the right nuclear border, most suggestive of an Auer rod, although it is subtle and partly overlies the nucleus at this magnification. Red cells and platelets are unremarkable. If the inclusion is confirmed as an Auer rod (e.g., by MPO staining), the finding establishes myeloid lineage and is consistent with acute myeloid leukemia.	https://imagebank.hematology.org/image/61328/aml--auer-rod?type=upload
61341	partial	Plasmacytoid dendritic cells (PDC)	Section shows a dense, cohesive-appearing aggregate of monotonous intermediate-sized cells with oval to indented nuclei, finely dispersed chromatin, inconspicuous nucleoli, and a moderate amount of pale eosinophilic cytoplasm. Normal hematopoietic elements and fat are not appreciated in this field. The morphology is compatible with a cluster of plasmacytoid dendritic cells, but H&E alone cannot establish lineage; confirmation with CD123, TCF4, and CD303 and assessment of CD56 expression is required to distinguish reactive/clonal PDC nodules from blastic plasmacytoid dendritic cell neoplasm.	https://imagebank.hematology.org/image/61341/plasmacytoid-dendritic-cells-pdc?type=upload
61379	partial	SMZL (CD20)	Bone marrow core biopsy immunostained for CD20 shows strongly positive B cells located predominantly within dilated sinusoids, forming linear and branching intravascular cords, with CD20-negative hematopoietic elements in the intervening marrow. The positive cells appear medium to large with vesicular nuclei. An intrasinusoidal B-cell infiltrate is characteristic of splenic marginal zone lymphoma; however, the relatively large cell size in this field also raises intravascular large B-cell lymphoma, which the case history indicates coexisted. Correlation with H&E cytology, Ki-67, CD5, and clinical findings is required.	https://imagebank.hematology.org/image/61379/smzl-cd20?type=upload
61389	partial	Low magnification, H&E	Low-power examination shows a dense, band-like lymphohistiocytic infiltrate extending from the ulcerated surface deep into smooth muscle bundles and the adjacent adipose tissue, with a relatively sharp deep interface. Pale eosinophilic areas at the lower left likely correspond to fibrinoid necrosis or ulcer bed, although a distinct necrotic surface slough is not clearly identified in this field. Cytologic detail cannot be assessed at this magnification. The architecture of a deep, well-circumscribed ulcer-associated infiltrate is compatible with EBV-positive mucocutaneous ulcer in the appropriate clinical and immunophenotypic context.	https://imagebank.hematology.org/image/61389/low-magnification-he?type=upload
61432	partial	Diffuse large B-cell lymphoma with strong aberrant expression of CD31	Needle core biopsy shows diffuse effacement by sheets of large atypical lymphoid cells with pleomorphic, hyperchromatic nuclei (A, B). Immunohistochemistry panels show diffuse strong membranous/cytoplasmic reactivity in the tumor cells (C-F) and nuclear staining of variable extent (G-I); the individual antibodies are not labeled in this figure. Per the provided history, the tumor shows strong aberrant CD31 expression with an activated B-cell (non-germinal center) profile. Findings are consistent with diffuse large B-cell lymphoma, NOS, with aberrant CD31 expression.	https://imagebank.hematology.org/image/61432/diffuse-large-bcell-lymphoma-with-strong-aberrant-expression-of-cd31?type=upload
61447	partial	Disseminated histoplasmosis with bone marrow infiltration and secondary HLH 2	Bone marrow core biopsy shows an increase in large histiocytes with abundant pale cytoplasm admixed with small lymphocytes and hematopoietic precursors. Several histiocytes contain small round intracytoplasmic bodies with surrounding clear halos, compatible with Histoplasma yeast forms, and some appear to contain engulfed cells suggestive of hemophagocytosis. At this magnification, yeasts cannot be reliably separated from ingested red cells. Findings are suggestive of marrow histoplasmosis with associated hemophagocytosis; GMS/PAS stains and CD163 immunostain are recommended, and hemophagocytic lymphohistiocytosis remains a clinical diagnosis.	https://imagebank.hematology.org/image/61447/disseminated-histoplasmosis-with-bone-marrow-infiltration-and-secondary-hlh-2?type=upload
61449	partial	25-Hydroxyvitamin D-1α-hydroxylase– and multiple cytokine–producing diffuse large B-cell lymphoma	Composite figure. Coronal CT (A) demonstrates a large sinonasal soft-tissue mass that has largely resolved on follow-up imaging (F). Biopsy (B) shows diffuse sheets of large atypical lymphoid cells with vesicular chromatin, and immunostains (C-E) show diffuse strong positivity in the neoplastic cells, including infiltration around muscle fibers; the specific antibodies are not labeled and cannot be identified from the image. The morphology is compatible with diffuse large B-cell lymphoma. The claimed 25-hydroxyvitamin D-1α-hydroxylase and cytokine production cannot be confirmed from these panels and requires clinical correlation (hypercalcemia with elevated 1,25-dihydroxyvitamin D) and specific immunostains.	https://imagebank.hematology.org/image/61449/25hydroxyvitamin-d1hydroxylase-and-multiple-cytokineproducing-diffuse-large-bcell-lymphoma?type=upload
61456	partial	Acute  Undifferentiated  Leukemia  myeloperoxidase  (MPO)  reaction	Bone marrow aspirate smear stained for myeloperoxidase shows a mature neutrophil (arrow) with strong granular cytoplasmic positivity, serving as an internal positive control, and a second positive granulocyte at lower left. The remainder of this cropped field consists mainly of red cells and fat spaces, and MPO-negative blasts are not well demonstrated in the image. In a case of acute undifferentiated leukemia, blasts are expected to be MPO-negative (<3% positive) with no lineage-specific markers by flow cytometry. The stain is technically adequate given the positive internal control.	https://imagebank.hematology.org/image/61456/acute-undifferentiated-leukemia-myeloperoxidase-mpo-reaction?type=upload
61461	partial	hepatosplenic T cell lymphoma 1	Bone marrow aspirate smear shows clusters of medium-sized atypical lymphoid cells with fine chromatin, round to indented nuclei, inconspicuous nucleoli, and a moderate rim of pale agranular cytoplasm, admixed with basophilic erythroid precursors and a mitotic figure. The atypical cells lack granules and Auer rods. These features are non-specific on the smear alone; distinguishing them from blasts or monocytes requires flow cytometry. In conjunction with an intrasinusoidal infiltrate on biopsy and a CD3+ CD4-/CD8- gamma-delta T-cell phenotype, the findings are consistent with involvement by hepatosplenic T-cell lymphoma.	https://imagebank.hematology.org/image/61461/hepatosplenic-t-cell-lymphoma-1?type=upload
61462	partial	hepatosplenic T cell lymphoma 2	Bone marrow core biopsy (H&E) shows a markedly hypercellular marrow with persistent trilineage hematopoiesis. There is an increased population of small to medium-sized lymphoid cells with dark nuclei, some aligned in linear arrays suggestive of an intrasinusoidal distribution, without discrete nodular aggregates. The infiltrate is subtle and cannot be confidently characterized on H&E alone at this magnification. Immunohistochemistry for CD3, CD8, TIA-1 and TCR delta would be required; in that context the findings are consistent with marrow involvement by hepatosplenic T-cell lymphoma.	https://imagebank.hematology.org/image/61462/hepatosplenic-t-cell-lymphoma-2?type=upload
61480	partial	Auer Rod-like inclusion in Lymphoma	Peripheral blood smear shows marked lymphocytosis composed of a fairly monotonous population of intermediate-sized lymphoid cells with round to slightly irregular nuclei, clumped chromatin, occasional small nucleoli and a moderate rim of pale basophilic cytoplasm. The fine eosinophilic, Auer rod-like crystalline inclusions described for this case are not clearly discernible at the resolution of this image and would need confirmation at higher magnification. No blasts or smudge cells are identified. With the reported monoclonal B-cell population on flow cytometry, findings are consistent with a mature B-cell lymphoma in leukemic phase; immunoglobulin crystal inclusions of this type favor lymphoplasmacytic lymphoma or another low-grade B-cell neoplasm.	https://imagebank.hematology.org/image/61480/auer-rodlike-inclusion-in-lymphoma?type=upload
61481	partial	Lymphoma with Auer Rods	Peripheral blood smear shows lymphocytosis composed of monotonous intermediate-sized lymphoid cells with round to slightly indented nuclei, coarsely clumped chromatin and a moderate amount of pale basophilic cytoplasm; a single segmented neutrophil provides a size reference. The eosinophilic, needle-like Auer rod-like inclusions reported in this case cannot be convincingly identified at this image resolution. There are no blasts or smudge cells. Together with the monoclonal B-cell population on flow cytometry, the findings are consistent with a low-grade B-cell lymphoma in leukemic phase, with crystalline immunoglobulin inclusions raising lymphoplasmacytic lymphoma in the differential.	https://imagebank.hematology.org/image/61481/lymphoma-with-auer-rods?type=upload
61503	partial	HHV8-associated lymphoproliferative disorder in the peripheral blood	This composite figure shows peripheral blood smears (A-C), a bone marrow aspirate (D), and two immunohistochemical stains (E-F). The blood smears contain increased circulating plasmablast-like cells with eccentric nuclei, dispersed chromatin, and abundant deeply basophilic cytoplasm, some with a perinuclear hof. The marrow aspirate shows mixed hematopoietic elements with plasmacytoid cells and a histiocyte, while the immunostains show clusters of positive cells (E) and a rare nuclear-positive cell (F), although the antibodies are not labeled and resolution is limited. In the appropriate context, and with confirmation by HHV8 LANA staining, light-chain restriction studies, and EBV status, the findings are suggestive of an HHV8-associated lymphoproliferative disorder with circulating plasmablasts, such as HHV8-positive multicentric Castleman disease.	https://imagebank.hematology.org/image/61503/hhv8associated-lymphoproliferative-disorder-in-the-peripheral-blood?type=upload
61510	partial	Bone Marrow Fibrosis	Peripheral blood smear shows moderate anisopoikilocytosis with several teardrop-shaped red cells (dacrocytes) and scattered elliptocytes. A large atypical platelet with irregular cytoplasmic projections is present, along with normal-sized platelets. Nucleated red cells and immature myeloid cells, which would complete a leukoerythroblastic picture, are not seen in this field. Although the title refers to marrow fibrosis, this image shows only blood findings; in conjunction with a marrow biopsy with clustered atypical megakaryocytes and reticulin fibrosis, these findings are consistent with primary myelofibrosis, fibrotic stage.	https://imagebank.hematology.org/image/61510/bone-marrow-fibrosis?type=upload
61555	partial	Post-transplant Lymphoproliferative Disorder: H&E	Section of lymph node shows effacement by extensive geographic necrosis with a preserved perivascular cuff of viable atypical lymphoid cells around a small hyalinized vessel. At high power the cells are predominantly large with irregular, angulated nuclei, vesicular chromatin, small nucleoli and scant cytoplasm, admixed with a few small lymphocytes. In the post-transplant setting with PAX5/CD20 and CD30 positivity, CD15 negativity and diffuse EBER positivity, findings are consistent with EBV-positive post-transplant lymphoproliferative disorder, monomorphic type (diffuse large B-cell lymphoma).	https://imagebank.hematology.org/image/61555/posttransplant-lymphoproliferative-disorder-he?type=upload
61594	partial	Growth factor (GCSF) therapy effect 2	Peripheral blood smear shows a single intermediate-to-large immature myeloid cell with a high nuclear-to-cytoplasmic ratio, fine chromatin and a thin rim of deeply basophilic cytoplasm containing scattered fine azurophilic granules. A pale crescent is seen at one edge of the cytoplasm; definite Döhle bodies cannot be resolved with confidence in this cell. No neutrophils are present in this field, so the toxic granulation and Döhle bodies described in the neutrophils cannot be evaluated here, and platelets are markedly decreased. In a post-transplant patient recently given G-CSF, a rare circulating granulated blast is suggestive of growth factor effect, but correlation with blast percentage trend and marrow/MRD studies is required to exclude relapse.	https://imagebank.hematology.org/image/61594/growth-factor-gcsf-therapy-effect-2?type=upload
61601	partial	EBV+Plasmablastic lymphoma	Immunohistochemical stain shows nuclear positivity in the majority of the neoplastic cells, with variable intensity, and a minor population of negative nuclei. The specific antibody is not stated in the record; the nuclear pattern and high proportion of positive cells would fit MUM1/IRF4, a high Ki-67 proliferation index, or MYC, each of which is typical of plasmablastic lymphoma. Interpretation should be tied to the labelled marker on the original slide. Findings are supportive of, but not by themselves diagnostic of, EBV-positive plasmablastic lymphoma.	https://imagebank.hematology.org/image/61601/ebvplasmablastic-lymphoma?type=upload
61613	partial	AML-CEBPA	Bone marrow core biopsy at low power shows a moderately cellular marrow with adipose tissue interspersed between thin bony trabeculae. Hematopoietic cells are distributed interstitially without nodular aggregates, fibrosis, or granulomas, and scattered megakaryocytes are identifiable. Cytologic detail is insufficient at this magnification to assess blast percentage or lineage. Correlation with higher-power sections, aspirate differential, immunohistochemistry (CD34), and molecular studies is required to support acute myeloid leukemia with mutated CEBPA.	https://imagebank.hematology.org/image/61613/amlcebpa?type=upload
61618	partial	AML-CEBPA-Blood	Peripheral blood smear shows two neutrophils with hypolobated, bilobed nuclei and coarsely condensed chromatin, one bearing small nuclear appendages, consistent with pseudo-Pelger-Huët-like change. Cytoplasmic granulation appears preserved. Red cells show crenation, likely a drying artifact, and platelets are present. No circulating blasts are identified in this field; the image demonstrates neutrophil nuclear abnormalities only and is not by itself diagnostic of AML with mutated CEBPA.	https://imagebank.hematology.org/image/61618/amlcebpablood?type=upload
61619	partial	AML-CEBPA-Blood	Peripheral blood smear shows a single granulated myeloid cell with an irregular, folded to bilobed nucleus, moderately condensed chromatin, and cytoplasm filled with fine purple granules; the cell likely represents an immature or atypical granulocytic element. No blasts or Auer rods are present in this field. The red cells are mostly normocytic, with rare fragmented forms. This single field is non-diagnostic on its own; the diagnosis of AML with mutated CEBPA rests on blast enumeration in blood and marrow and demonstration of an in-frame bZIP CEBPA mutation.	https://imagebank.hematology.org/image/61619/amlcebpablood?type=upload
61620	partial	MDS-RS-SLD-Blood	Peripheral blood smear shows red cells with mild anisocytosis, including scattered larger and paler cells that suggest a subtle dimorphic population, along with occasional elliptocytes and a teardrop form. The single neutrophil present shows normal lobation and granulation, and platelets are adequate. No blasts are seen. These findings are nonspecific; in the setting of anemia with an elevated RDW, they are compatible with, but not diagnostic of, MDS with ring sideroblasts, which requires bone marrow iron staining and SF3B1 testing.	https://imagebank.hematology.org/image/61620/mdsrssldblood?type=upload
61621	partial	MDS-RS-SLD-HE	Bone marrow core biopsy at high power shows a normocellular to mildly hypercellular marrow with interspersed fat. Erythroid precursors are increased and form clusters of cells with round, dark nuclei and perinuclear clearing, while granulocytic maturation is present and megakaryocytes are scattered with largely unremarkable lobation. Blasts are not conspicuously increased. The erythroid-predominant picture is compatible with MDS with ring sideroblasts and single-lineage dysplasia, which must be confirmed by iron stain for ring sideroblasts and SF3B1 mutation analysis.	https://imagebank.hematology.org/image/61621/mdsrssldhe?type=upload
61623	partial	MDS-RS	Bone marrow aspirate smear shows a mixed population of maturing granulocytic cells, including myelocytes, metamyelocytes, and band forms, together with erythroid precursors ranging from a large basophilic pronormoblast-like cell to polychromatophilic and orthochromatic normoblasts. Dysplastic changes are subtle in this field, and blasts are not increased. Ring sideroblasts cannot be identified on a Romanowsky stain; an iron stain and SF3B1 mutation analysis are required to support MDS with ring sideroblasts and single-lineage (erythroid) dysplasia.	https://imagebank.hematology.org/image/61623/mdsrs?type=upload
61624	partial	MDS-RS	Bone marrow aspirate smear shows increased erythroid precursors, including large pronormoblasts and basophilic normoblasts with finely stippled, somewhat megaloblastoid chromatin, admixed with maturing granulocytic elements. Mild nuclear irregularity is seen, but definitive dysplasia is limited in this field and many cells are smeared. Blasts are not increased. Ring sideroblasts cannot be evaluated on a Romanowsky stain; correlation with a Prussian blue iron stain (≥15% ring sideroblasts, or ≥5% with SF3B1 mutation) is required to support MDS with ring sideroblasts.	https://imagebank.hematology.org/image/61624/mdsrs?type=upload
61625	partial	MDS-RS	Peripheral blood smear shows marked anisopoikilocytosis, including target cells, elliptocytes, teardrop cells, and occasional echinocytes, with a suggestion of a dimorphic population in which some red cells appear paler than others. The few leukocytes in the field are mature lymphocytes without obvious blasts, and platelets appear adequate. These red cell changes are nonspecific; ring sideroblasts must be demonstrated on an iron-stained bone marrow aspirate. In the appropriate clinical context, the findings are compatible with the peripheral blood picture of myelodysplastic syndrome with ring sideroblasts.	https://imagebank.hematology.org/image/61625/mdsrs?type=upload
61626	partial	MDS-RS	Bone marrow core biopsy at high power shows a mixed hematopoietic population with abundant erythroid precursors and granulocytic cells in a loose, edematous stroma containing small vessels. Several megakaryocytes have small round, non-lobated or hypolobated nuclei, a feature suggestive of megakaryocytic dysplasia. Blasts are not conspicuously increased. Ring sideroblasts cannot be assessed on H&E; correlation with an iron-stained aspirate and SF3B1 status is required, and dysplasia in more than one lineage would favor MDS-RS with multilineage dysplasia over single-lineage dysplasia.	https://imagebank.hematology.org/image/61626/mdsrs?type=upload
61631	partial	Intravascular DLBCL-Biopsy HE	Bone marrow core biopsy at high power shows a hypercellular marrow containing numerous large atypical lymphoid-appearing cells with vesicular chromatin, prominent nucleoli, irregular nuclear contours, and moderate amphophilic cytoplasm, admixed with residual hematopoietic elements and small lymphocytes. A predominantly intrasinusoidal distribution is not clearly evident on this H&E field. Immunohistochemistry for CD20/PAX5 together with an endothelial marker (CD34 or ERG) is required to demonstrate intravascular/intrasinusoidal localization; with such confirmation, findings would be consistent with involvement by intravascular large B-cell lymphoma.	https://imagebank.hematology.org/image/61631/intravascular-dlbclbiopsy-he?type=upload
61633	partial	Intravascular DLBCL-Blood	Low-power view of a Wright-stained peripheral blood smear shows a paucicellular field with only a few scattered nucleated cells, several of which are mononuclear cells with dark nuclei. Red cells are largely unremarkable at this magnification, and platelets appear sparse. Nuclear and cytoplasmic detail cannot be assessed at this power, so circulating large atypical lymphoid cells cannot be confirmed or excluded from this image alone. Correlation with high-power examination, flow cytometry and tissue biopsy (e.g., random skin or marrow) is required; findings are compatible with, but not diagnostic of, peripheral blood involvement by intravascular large B-cell lymphoma.	https://imagebank.hematology.org/image/61633/intravascular-dlbclblood?type=upload
61634	partial	Intravascular DLBCL-Blood	Peripheral blood smear shows normochromic red cells with scattered crenated forms, which may be artifactual, and a short rouleaux-like stack. A single small mononuclear cell with a dense round nucleus is present and is most consistent with a small lymphocyte. Platelets are present as small clumps. No circulating large atypical lymphoid cells are identified in this field. The peripheral blood is nonspecific; intravascular large B-cell lymphoma frequently lacks circulating tumor cells, and the diagnosis requires tissue (e.g., marrow or skin) biopsy.	https://imagebank.hematology.org/image/61634/intravascular-dlbclblood?type=upload
61635	partial	Intravascular DLBCL-Blood	Peripheral blood smear shows a single large atypical mononuclear cell with an irregular folded to lobulated nucleus, moderately open chromatin and moderate gray-blue cytoplasm with irregular borders. A small dense naked nucleus lies nearby, and the background red cells include scattered crenated forms with sparse platelets. The large cell may represent a circulating neoplastic lymphoid cell, but its features overlap with a monocyte and it cannot be classified with certainty on morphology alone. In the clinical context of intravascular large B-cell lymphoma, flow cytometry or tissue correlation is needed to confirm circulating lymphoma cells.	https://imagebank.hematology.org/image/61635/intravascular-dlbclblood?type=upload
61659	partial	MPN-Polycythemia Vera	Peripheral blood smear shows normochromic, normocytic red cells with several platelets, including occasional large forms. A single mononuclear cell with a high nuclear-to-cytoplasmic ratio, moderately condensed chromatin, and scant agranular, pale-blue cytoplasm with an irregular outline is present; it most likely represents a lymphocyte, although a circulating immature cell cannot be excluded on a single cell. No specific morphologic features of polycythemia vera are evident in this field; red cell mass and crowding cannot be assessed from a thin-area field. The diagnosis of polycythemia vera requires correlation with hemoglobin/hematocrit, JAK2 mutation status, and bone marrow morphology.	https://imagebank.hematology.org/image/61659/mpnpolycythemia-vera?type=upload
61668	partial	H+E 1000x	At high power, the section shows numerous large histiocytes with abundant pale granular to foamy cytoplasm and vesicular oval nuclei, admixed with lymphocytes and occasional granulocytes. Within the histiocyte cytoplasm are faint tiny dot-like structures and small vacuoles corresponding to intracellular yeast forms, although individual organisms and their halos are not sharply resolved in this photograph. No well-formed granulomas or necrosis are seen. Findings are suggestive of a histiocytic infiltrate harbouring intracellular yeasts, consistent with histoplasmosis in context; special stains are required for confirmation.	https://imagebank.hematology.org/image/61668/he-1000x?type=upload
61705	partial	Myeloma	Bone marrow core biopsy (H&E, low-to-medium power) shows a markedly hypercellular intertrabecular space with near-complete loss of fat. The marrow is replaced by diffuse sheets of monotonous cells with round, eccentrically placed nuclei and moderate cytoplasm, with marked reduction of normal hematopoietic elements. Cytologic detail is limited at this magnification, and plasma cell lineage should be confirmed with CD138 and kappa/lambda staining. Findings are consistent with extensive marrow involvement by plasma cell myeloma in the appropriate context.	https://imagebank.hematology.org/image/61705/myeloma?type=upload
61716	partial	BPDCN	Peripheral blood smear at high power shows a single small-to-intermediate mononuclear cell with a slightly irregular nucleus, moderately condensed chromatin without a conspicuous nucleolus, and a moderate rim of pale cytoplasm with fine granular or microvacuolated texture. Background red cells are unremarkable. The morphology of this isolated cell is nonspecific and could represent a circulating neoplastic cell, a large granular lymphocyte or a reactive lymphocyte. In the context of known blastic plasmacytoid dendritic cell neoplasm it may represent a circulating tumor cell, but confirmation requires flow cytometry (CD4, CD56, CD123-bright, HLA-DR).	https://imagebank.hematology.org/image/61716/bpdcn?type=upload
61750	partial	Splenic marginal zone lymphoma-CD79a	Low-power immunohistochemistry for CD79a shows a few small aggregates of positive B cells, some related to vascular structures, with scattered single positive cells in a largely negative background. This field does not demonstrate the expanded, confluent white pulp nodules or diffuse red pulp B-cell infiltration usually expected in splenic marginal zone lymphoma. The image may represent a limited area of involvement or residual B cells, so findings are only partially supportive and should be correlated with CD20 and H&E sections from the same case.	https://imagebank.hematology.org/image/61750/splenic-marginal-zone-lymphomacd79a?type=upload
61755	partial	Splenic marginal zone lymphoma-HE	High-power section of spleen shows red pulp diffusely infiltrated by medium to large lymphoid cells with oval vesicular nuclei, small distinct nucleoli and moderate pale amphophilic cytoplasm, admixed with red blood cells, sinus-lining cells and scattered hemosiderin. The cells in this field are larger than the typical small-to-medium marginal zone cells of splenic marginal zone lymphoma. No overt necrosis is seen. The appearance is compatible with splenic marginal zone lymphoma involving red pulp, but the proportion of large cells raises the possibility of large-cell transformation, which should be evaluated with Ki-67 and review of sheets of large cells across the specimen.	https://imagebank.hematology.org/image/61755/splenic-marginal-zone-lymphomahe?type=upload
61756	partial	Splenic marginal zone lymphoma-HE	Sections show a diffuse infiltrate of intermediate to large lymphoid cells with vesicular chromatin, distinct nucleoli, and moderate pale cytoplasm, traversed by thin-walled vessels. Small lymphocytes are few, and the cells are larger and more open than the small marginal zone cells typical of splenic marginal zone lymphoma. Mitotic figures are not prominent in this field. The image is only partially typical of SMZL and raises the question of increased large cells or large cell transformation, which should be assessed with Ki-67 and correlation with other areas.	https://imagebank.hematology.org/image/61756/splenic-marginal-zone-lymphomahe?type=upload
61763	partial	Mantle cell lymphoma-Cyclin-D1	Immunohistochemistry for cyclin D1 shows that the diffuse population of medium-sized tumor cells lacks nuclear staining, while rare scattered non-neoplastic cells are positive, indicating adequate staining. The image therefore does not demonstrate the cyclin D1 overexpression expected in most mantle cell lymphomas. A cyclin D1-negative mantle cell lymphoma is still possible and would be supported by SOX11 positivity (as in the companion image) and CCND2 rearrangement; otherwise alternative blastoid B-cell neoplasms should be excluded.	https://imagebank.hematology.org/image/61763/mantle-cell-lymphomacyclind1?type=upload
61770	partial	Aberrant T-cell antigen expression in a plasma cell neoplasm	The H&E section shows a sheet of atypical plasmacytoid cells with eccentric nuclei, coarse to vesicular chromatin and moderate amphophilic to eosinophilic cytoplasm. The accompanying immunostains show diffuse membranous positivity (B, D), strong nuclear and cytoplasmic positivity (C), cytoplasmic staining in one light-chain preparation with a negative counterpart (E, F), consistent with monotypic light-chain expression, and strong (G) and weak (H) membranous staining in the tumor cells. Because the antibodies are not labeled, the specific aberrant T-cell antigens (e.g. CD3, CD4, CD7 or CD56) cannot be verified directly from the figure. The findings are consistent with a clonal plasma cell neoplasm with an aberrant immunophenotype, and the T-cell marker expression should not be mistaken for a T-cell lymphoma.	https://imagebank.hematology.org/image/61770/aberrant-tcell-antigen-expression-in-a-plasma-cell-neoplasm?type=upload
61787	partial	NUT midline carcinoma with leukemic presentation mimicking CD34-positive acute leukemia	This composite figure shows peripheral blood with clusters of large, cohesive blast-like cells (A), flow cytometry identifying a CD45-dim/negative, low side-scatter population that is CD34 positive but lacks CD33, CD19 and CD7 (B-D), and a bone marrow biopsy diffusely replaced by sheets of monotonous tumor cells (E) with several immunohistochemical stains (F-H). The absence of any hematopoietic lineage marker on a CD34-positive population, CD45 negativity and cohesive clustering on the smear are red flags for a non-hematopoietic neoplasm. The IHC panels are unlabeled, so the NUT (speckled nuclear) and cytokeratin results cannot be verified in this image. Findings are suggestive of metastatic carcinoma mimicking CD34-positive acute leukemia, consistent with the stated NUT carcinoma when confirmed by NUT IHC or NUTM1 rearrangement.	https://imagebank.hematology.org/image/61787/nut-midline-carcinoma-with-leukemic-presentation-mimicking-cd34positive-acute-leukemia?type=upload
61802	partial	Myeloid Neoplasm-GATA2-proband	Immunohistochemical stain on a hypercellular marrow core (marker not labeled; pattern most consistent with CD34) highlights scattered small-to-intermediate round cells with membranous and cytoplasmic staining, present singly and in small clusters, together with positive capillary endothelium as an internal control. The majority of hematopoietic cells, including larger cells with vesicular nuclei, are negative. The positive cells should be quantified and checked for clustering or abnormal localization; the findings support an increase in CD34-positive precursors in this GATA2-associated myeloid neoplasm rather than sheets of blasts.	https://imagebank.hematology.org/image/61802/myeloid-neoplasmgata2proband?type=upload
61820	partial	Myeloid Neoplasm-GATA2-Blood	Peripheral blood smear shows a small mononuclear cell with a dense, coarsely clumped hyperchromatic nucleus and scant cytoplasm, accompanied by fine purple granules scattered beside it. Its identity cannot be established with certainty from this single field; a degranulated or disrupted basophil and a micromegakaryocyte are the main considerations, and a small lymphocyte with nearby platelet debris is also possible. Background red cells show mild anisocytosis with an occasional teardrop form and a polychromatic macrocyte. The image does not by itself demonstrate a specific diagnostic abnormality and should be interpreted with the full smear in the context of the GATA2-associated myeloid neoplasm.	https://imagebank.hematology.org/image/61820/myeloid-neoplasmgata2blood?type=upload
61842	partial	Erdheim-Chester Disease	Scanning-magnification sections of two skin biopsies show an intact epidermis overlying a dermis that is expanded by a diffuse, pale-staining infiltrate which effaces the normal reticular dermal collagen and surrounds adnexal structures, extending to the deep margin. Cytologic detail cannot be assessed at this magnification; higher power is required to confirm foamy histiocytes and Touton giant cells. In the clinical and radiologic context, the pattern is compatible with cutaneous involvement by Erdheim-Chester disease.	https://imagebank.hematology.org/image/61842/erdheimchester-disease?type=upload
61880	partial	Circulating prolymphocytes cell in peripheral blood sample 2	Peripheral blood smear shows a single medium-to-large lymphoid cell with a round to slightly indented nucleus, relatively open chromatin and a moderate rim of pale basophilic, agranular cytoplasm. A single prominent nucleolus, the hallmark of a prolymphocyte, is not clearly resolved at this resolution. The background red cells show widespread crenation consistent with drying or delayed-processing artifact, and there is blue stain precipitate. A single cell cannot establish a monomorphic prolymphocytic population; the morphology is only partially consistent with a circulating prolymphocyte, and correlation with the full smear, lymphocyte count and flow cytometry is required.	https://imagebank.hematology.org/image/61880/circulating-prolymphocytes-cell-in-peripheral-blood-sample-2?type=upload
61903	partial	Hydroa Vacciniforme-like Lymphoproliferative Disorder-H&E	Skin biopsy shows an epidermis with marked intracellular edema and reticular degeneration, with keratinocytes stretched into thin strands forming intraepidermal vesicles beneath an intact basket-weave stratum corneum. Scattered lymphocytes are present within the epidermis, and the papillary dermis shows edema, a lymphocytic infiltrate and extravasated red cells. Multinucleated keratinocytes with viral inclusions are not identified. These changes represent an early vesiculating lesion; in the appropriate clinical setting with a dermal EBV (EBER)-positive cytotoxic T/NK-cell infiltrate, they are consistent with hydroa vacciniforme lymphoproliferative disorder.	https://imagebank.hematology.org/image/61903/hydroa-vacciniformelike-lymphoproliferative-disorderhe?type=upload
61904	partial	Hydroa Vacciniforme-like Lymphoproliferative Disorder-HE	Low-power sections of skin show a dense lymphoid infiltrate diffusely involving the reticular dermis, dissecting between collagen bundles with accentuation around vessels and adnexal structures. The infiltrate extends deep into the dermis. The infiltrating cells appear small to medium-sized, but cytologic atypia cannot be assessed at this magnification. In the setting of vesiculopapular lesions on sun-exposed skin and an EBER-positive cytotoxic T/NK-cell infiltrate, the findings are consistent with hydroa vacciniforme lymphoproliferative disorder.	https://imagebank.hematology.org/image/61904/hydroa-vacciniformelike-lymphoproliferative-disorderhe?type=upload
61905	partial	Hydroa Vacciniforme-like Lymphoproliferative Disorder-HE	Low-power sections of deep dermis and subcutis show a lymphoid infiltrate permeating subcutaneous fat lobules in a lobular panniculitis-like pattern, with cuffing around a small neurovascular bundle and a hair follicle. The infiltrating cells are small to medium-sized at this magnification, and definite adipocyte rimming, fat necrosis or granulomas are not evident. Extension of the infiltrate into the subcutis in a patient with photodistributed vesiculopapular lesions and an EBER-positive cytotoxic infiltrate is consistent with hydroa vacciniforme lymphoproliferative disorder.	https://imagebank.hematology.org/image/61905/hydroa-vacciniformelike-lymphoproliferative-disorderhe?type=upload
61906	partial	Hydroa Vacciniforme-like Lymphoproliferative Disorder-HE	High-power examination of the dermis shows a small vessel surrounded and infiltrated by small to medium-sized lymphocytes with slightly irregular hyperchromatic nuclei and scant cytoplasm, with red cells and fibrinoid material in the lumen. Lymphocytes also extend interstitially between collagen bundles. Cytologic atypia is mild, and large pleomorphic cells are not identified. The angiocentric infiltrate of mildly atypical lymphocytes, in conjunction with EBER positivity and a cytotoxic phenotype, is consistent with hydroa vacciniforme lymphoproliferative disorder.	https://imagebank.hematology.org/image/61906/hydroa-vacciniformelike-lymphoproliferative-disorderhe?type=upload
61907	partial	Hydroa Vacciniforme-like Lymphoproliferative Disorder-HE	Sections of dermis show a dense perivascular and interstitial infiltrate of small to medium-sized lymphoid cells with irregular, angulated hyperchromatic nuclei and scant cytoplasm, permeating the wall of a dilated vessel and dissecting between collagen bundles. Occasional larger cells are present, but sheets of large atypical cells and necrosis are not seen. An adjacent eccrine duct is intact. The mildly to moderately atypical angiocentric infiltrate, together with EBER positivity and a cytotoxic T/NK phenotype, is consistent with hydroa vacciniforme lymphoproliferative disorder.	https://imagebank.hematology.org/image/61907/hydroa-vacciniformelike-lymphoproliferative-disorderhe?type=upload
61908	partial	Hydroa Vacciniforme-like Lymphoproliferative Disorder-HE	Sections of deep dermis and subcutis show a dense infiltrate of small to medium-sized lymphoid cells with irregular, indented hyperchromatic nuclei and scant cytoplasm, admixed with scattered larger cells with vesicular chromatin. The infiltrate shows perivascular accentuation and extends into subcutaneous fat. Necrosis is not seen in this field. These cytologic features indicate a mildly to moderately atypical lymphoid infiltrate; with an EBER-positive cytotoxic T/NK phenotype and the clinical picture of photodistributed vesiculopapular lesions, they are consistent with hydroa vacciniforme lymphoproliferative disorder.	https://imagebank.hematology.org/image/61908/hydroa-vacciniformelike-lymphoproliferative-disorderhe?type=upload
61909	partial	Hydroa Vacciniforme-like Lymphoproliferative Disorder-HE	Low-power sections of deep dermis and subcutis show a dense lymphoid infiltrate cuffing an obliquely sectioned hair follicle and extending into the surrounding dermis and between adipocytes of the subcutaneous fat lobules. The follicular epithelium is largely intact without obvious folliculotropism or follicular mucinosis, and no necrosis or granulomas are seen. Cytologic detail is limited at this magnification. The deep periadnexal and subcutaneous distribution, with an EBER-positive cytotoxic infiltrate, is consistent with hydroa vacciniforme lymphoproliferative disorder.	https://imagebank.hematology.org/image/61909/hydroa-vacciniformelike-lymphoproliferative-disorderhe?type=upload
61914	partial	NK-cell enteropathy-HE	Low-power sections of gastrointestinal mucosal biopsies show the lamina propria diffusely expanded by a dense cellular infiltrate that separates and displaces glands. The glands and surface epithelium are largely preserved, and there is no ulceration, necrosis or mass-forming destructive growth in this field. An adjacent fragment shows less involved mucosa. Cytologic features cannot be evaluated at this magnification; in conjunction with higher-power morphology and an NK-cell immunophenotype (CD56+, cytoplasmic CD3+, surface CD3-, CD5-, EBER-), these findings are compatible with NK-cell enteropathy.	https://imagebank.hematology.org/image/61914/nkcell-enteropathyhe?type=upload
61921	partial	NK-cell enteropathy-CD56	Scanning-power CD56 immunohistochemistry of multiple gastrointestinal mucosal biopsy fragments shows extensive CD56-positive infiltration, diffuse and intense in one fragment and patchy in the others, with negative gland profiles discernible within the stained lamina propria. The low resolution of the image does not permit evaluation of cytologic features, depth of involvement or angiodestruction. The distribution indicates a large mucosal NK-cell population; in conjunction with EBER negativity and a non-destructive histology, this is compatible with NK-cell enteropathy.	https://imagebank.hematology.org/image/61921/nkcell-enteropathycd56?type=upload
61922	partial	NK-cell enteropathy-HE	Sections of colonic-type mucosa show preserved crypt architecture with crypts separated by a lamina propria expanded by a moderately dense mononuclear infiltrate accompanied by conspicuous interstitial hemorrhage. There is no crypt destruction, cryptitis, crypt abscess or ulceration, and the surface epithelium is intact. Cytologic features of the infiltrate are not well assessed at this magnification. In conjunction with an NK-cell immunophenotype and EBER negativity, the superficial non-destructive infiltrate is compatible with NK-cell enteropathy.	https://imagebank.hematology.org/image/61922/nkcell-enteropathyhe?type=upload
61923	partial	NK-cell enteropathy	An immunohistochemical stain (antibody not specified) on colonic-type mucosa highlights a dense infiltrate of positive cells expanding the lamina propria and surrounding negative crypts. Intraepithelial positive cells are sparse, and crypt architecture is preserved. The specific marker cannot be determined from the image, so lineage cannot be assigned on this stain alone. When the infiltrate is CD56-positive with cytoplasmic CD3 and negative for CD5 and EBER, the findings support NK-cell enteropathy.	https://imagebank.hematology.org/image/61923/nkcell-enteropathy?type=upload
61925	partial	Beta-thalassemia trait-Blood	Peripheral blood smear shows red cells of fairly uniform size with mild hypochromia and mild poikilocytosis, including scattered teardrop and pear-shaped cells, occasional target cells and a few stomatocyte-like forms. Basophilic stippling, nucleated red cells and schistocytes are not seen. No leukocyte is present in the field to gauge red cell size, so microcytosis must be confirmed by the MCV. The findings are nonspecific but compatible with thalassemia trait; beta-thalassemia trait is supported by a high RBC count with low MCV and increased HbA2 on HPLC.	https://imagebank.hematology.org/image/61925/betathalassemia-traitblood?type=upload
61926	partial	Beta-thalassemia trait-Blood	Peripheral blood smear shows red cells that appear microcytic relative to a small lymphocyte, with relatively uniform size and mild poikilocytosis including occasional elliptocytes and teardrop-like forms. Hypochromia is mild, and target cells and basophilic stippling are not conspicuous in this field. White cells and platelets are unremarkable in this limited view. The findings are nonspecific but compatible with thalassemia trait; correlation with red cell indices (low MCV with high RBC count) and hemoglobin HPLC showing increased HbA2 is needed for a diagnosis of beta-thalassemia trait.	https://imagebank.hematology.org/image/61926/betathalassemia-traitblood?type=upload
61948	partial	EBV reactivation	Immunohistochemical stain (antibody not specified) shows numerous intermediate-to-large cells with strong membranous and cytoplasmic staining, scattered and in loose clusters among negative small lymphocytes. The positive population varies in size and does not form cohesive sheets. Because the marker is not identified, the image cannot be interpreted in isolation; within the EBV reactivation case it likely represents one of the lymphocyte subset markers highlighting activated cells in a reactive process.	https://imagebank.hematology.org/image/61948/ebv-reactivation?type=upload
61953	partial	ALCL-H&E	Low-power H&E section of lymph node shows a dense lymphoid area abutting a pale, hypocellular fibrotic to edematous zone containing scattered cells, with loss of recognizable follicular architecture in the field. Cytologic detail of the large cells is not resolvable at this magnification. The low-power appearance is nonspecific; in this case the diagnosis of ALK-negative anaplastic large cell lymphoma rests on the high-power hallmark cells and uniform strong CD30 expression.	https://imagebank.hematology.org/image/61953/alclhe?type=upload
61988	partial	Cutaneous intralymphatic CD30 pseudolymphoma: a reactive condition mimicking lymphoma	Composite of skin sections. H&E sections show a dermal lymphohistiocytic infiltrate beneath an intact epidermis, with dilated thin-walled channels containing intraluminal aggregates of larger mononuclear cells. The accompanying immunostains (markers not labeled) highlight positive cells within the dermis and a dense cluster within a vascular lumen, with other panels showing sparser staining. Because the markers are not identified, the lymphatic nature of the vessels (e.g., D2-40) and the CD30 status of the intraluminal cells cannot be confirmed from the image alone. Findings are compatible with intralymphatic aggregates of activated lymphoid cells, as in cutaneous intralymphatic CD30-positive pseudolymphoma, but the benign nature depends on clinical correlation, lack of a clonal T-cell population and clinical regression.	https://imagebank.hematology.org/image/61988/cutaneous-intralymphatic-cd30-pseudolymphoma-a-reactive-condition-mimicking-lymphoma?type=upload
61998	partial	Myeloma with Cyclin D1	Immunohistochemical stain (marker not labeled on the image) shows a diffuse, sheet-like infiltrate of uniform round cells with strong membranous staining in essentially all cells, replacing the normal architecture in this field. Only scattered unstained stromal elements are present. In the context of this case, the pattern is compatible with a membranous marker such as CD138 (plasma cells) or aberrant CD20, which is enriched in myeloma with t(11;14). Findings support extensive involvement by a plasma cell neoplasm; the specific marker should be confirmed from the source case.	https://imagebank.hematology.org/image/61998/myeloma-with-cyclin-d1?type=upload
61999	partial	Myeloma with Cyclin D1	Immunohistochemical stain (DAB; antigen not labeled) shows diffuse sheets of uniform cells with strong circumferential membranous staining, replacing nearly the entire field, with a rare negative large cell and small stromal spaces. In the context of plasma cell myeloma with t(11;14), the membranous pattern is compatible with CD138 highlighting a diffuse plasma cell infiltrate, or CD20, which is frequently expressed in t(11;14) myeloma. Cyclin D1 expression (nuclear) is not demonstrated in this image; the antigen should be confirmed with the case materials.	https://imagebank.hematology.org/image/61999/myeloma-with-cyclin-d1?type=upload
62001	partial	Myeloma with Cyclin D1	H&E section of bone marrow shows diffuse sheets of monotonous small to medium-sized cells with round, slightly eccentric nuclei, condensed chromatin and scant to modest cytoplasm, replacing normal hematopoiesis with only residual megakaryocytes and stroma. Definitive plasmacytic features are not clearly resolved at this magnification, and the cells have a lymphoid-like appearance. In the context of CD138-positive, cyclin D1-positive plasma cells with t(11;14), the findings are consistent with extensive involvement by plasma cell myeloma with small, lymphoplasmacytoid morphology, a recognized mimic of small B-cell lymphoma.	https://imagebank.hematology.org/image/62001/myeloma-with-cyclin-d1?type=upload
62003	partial	Myeloma with Cyclin D1	Section of bone marrow shows a dense sheet of cells stained with a chromogenic in situ hybridization or immunostain (dark blue chromogen with pink nuclear counterstain; probe not labeled). Nearly all cells in the field show fine granular cytoplasmic signal, indicating a diffuse, monotonous population. In the context of plasma cell myeloma, this pattern is most consistent with light chain mRNA in situ hybridization demonstrating light-chain restriction in a plasma cell infiltrate; the image itself does not demonstrate cyclin D1 expression, which would be nuclear, and the specific probe should be verified in the referenced case.	https://imagebank.hematology.org/image/62003/myeloma-with-cyclin-d1?type=upload
62004	partial	Myeloma with Cyclin D1	Section of bone marrow stained with a chromogenic in situ hybridization or immunostain (dark blue chromogen, pink counterstain; probe not labeled) shows positive cytoplasmic signal in a subset of cells, while most cells in the field are negative. The positive cells are scattered and in small groups. When compared with the companion stain showing diffuse positivity, this pattern is consistent with the non-restricted light chain in a light-chain-restricted plasma cell neoplasm; the image does not demonstrate cyclin D1 itself, and probe identity should be verified in the referenced case.	https://imagebank.hematology.org/image/62004/myeloma-with-cyclin-d1?type=upload
62033	partial	B & B: basophils and bleeding, an atypical case of acute promyelocytic leukemia	This composite figure combines smear morphology with flow cytometry and karyotype. The smears (panels A and B) show large abnormal granular cells with irregular folded nuclei and abundant granular cytoplasm, admixed with cells bearing coarse, dark purple granules consistent with basophils (red arrows). Faggot cells and Auer rods cannot be confirmed at this resolution. Panel C shows flow cytometric dot plots with distinct colored populations and panel D a G-banded karyotype, but axis labels and chromosomal breakpoints are not legible in this image. Findings are compatible with an atypical acute promyelocytic leukemia with basophilic differentiation, as indicated in the title; the diagnosis rests on demonstration of PML::RARA by FISH, RT-PCR, or karyotype, and coagulopathy (DIC/bleeding) should be urgently evaluated.	https://imagebank.hematology.org/image/62033/b--b-basophils-and-bleeding-an-atypical-case-of-acute-promyelocytic-leukemia?type=upload
62034	partial	NLPHL with progression	Immunohistochemical stain with a red chromogen (marker not specified on the image) shows a sharply demarcated, confluent sheet of medium to large cells with strong membranous positivity occupying most of the field, adjacent to an area composed of negative small cells containing only scattered positive cells. The sheet-like, diffuse distribution of positive larger cells differs from the scattered single LP cells expected in classic nodular lymphocyte-predominant Hodgkin lymphoma. If this marker represents a B-cell antigen such as CD20, the pattern supports a diffuse large B-cell component; in the reported context, the findings are suggestive of NLPHL with progression to diffuse large B-cell lymphoma, pending correlation with H&E and the full panel.	https://imagebank.hematology.org/image/62034/nlphl-with-progression?type=upload
62037	partial	NLPHL with progression	Immunohistochemical stain (red chromogen, antibody not specified in the image) of lymph node at high power shows a predominantly nuclear staining pattern, with strong positivity in scattered large cells and variable positivity in a subset of small-to-intermediate cells. Most background small lymphocytes are negative, and some large vesicular cells are weak or unstained. The positive large cells are dispersed and do not form sheets. The pattern could correspond to a nuclear marker such as MUM1/IRF4, OCT2, or Ki-67; findings are compatible with the large-cell component of nodular lymphocyte predominant Hodgkin lymphoma but require correlation with the labeled immunopanel for specific interpretation.	https://imagebank.hematology.org/image/62037/nlphl-with-progression?type=upload
62039	partial	NLPHL with progression	High-power immunohistochemical stain with a red chromogen (marker not specified on the image) shows a dense lymphoid background containing several large atypical cells with vesicular, lobulated nuclei (arrows), morphologically consistent with lymphocyte-predominant (LP) cells. The LP cells are negative for this marker, while a single large cell elsewhere in the field is strongly positive and the small background lymphocytes are largely negative. Because the marker is not identified, the stain is best interpreted as a negative result in LP cells (for example, CD30 or CD15 negativity, which would argue against classic Hodgkin lymphoma) and must be correlated with the full panel. Findings are consistent with nodular lymphocyte-predominant Hodgkin lymphoma in the reported context of variant patterns with progression.	https://imagebank.hematology.org/image/62039/nlphl-with-progression?type=upload
62040	partial	NLPHL with progression	Immunohistochemical stain (red chromogen, antibody not specified in the image) of lymph node at high power shows a background of small to intermediate lymphocytes and scattered large vesicular cells that are negative for the marker. Only a single intermediate-to-large cell shows strong cytoplasmic and membranous staining, and there is faint granular background deposition. Because the antibody is not identified, the pattern cannot be definitively interpreted; if this is CD30 or CD15, the lack of staining in the large cells would support LP cells of nodular lymphocyte predominant Hodgkin lymphoma, with the single positive cell likely a reactive immunoblast or granulocyte. Correlation with the case's labeled immunopanel is required.	https://imagebank.hematology.org/image/62040/nlphl-with-progression?type=upload
62042	partial	NLPHL with progression	Low-power immunohistochemical stain (red chromogen; antigen not labeled) of a lymph node shows an irregular, poorly delineated aggregate of positive small to medium-sized cells with numerous positive cells scattered in the surrounding lymphoid tissue. Distinct, well-formed nodules are not apparent in this field. In the context of nodular lymphocyte-predominant Hodgkin lymphoma, the ill-defined, expansile distribution may reflect a variant growth pattern; cytologic detail is not resolvable at this magnification, and interpretation depends on the antigen and the companion stains of the referenced case.	https://imagebank.hematology.org/image/62042/nlphl-with-progression?type=upload
62052	partial	NLPHL with progression	Immunohistochemical stain (red chromogen; antigen not labeled) shows numerous scattered large cells with weak-to-moderate membranous staining in a dense background of negative small lymphocytes. The positive cells are individually dispersed and do not form sheets. The staining intensity is relatively weak, limiting evaluation. In the context of the referenced case, the scattered positive large cells are consistent with LP cells of nodular lymphocyte-predominant Hodgkin lymphoma with a variant pattern; the marker identity should be verified with the case materials.	https://imagebank.hematology.org/image/62052/nlphl-with-progression?type=upload
62054	partial	NLPHL with progression	Immunohistochemical stain (red chromogen, antibody not specified in the image) of lymph node at medium power shows numerous large cells with strong membranous staining and irregular outlines, set in a background of uniformly negative small lymphocytes. The positive large cells increase in density toward the upper right, where they approach but do not form confluent sheets. Some positive profiles have granular or process-like extensions, so a histiocytic marker cannot be fully excluded without the antibody label. If this represents a B-cell marker such as CD20, the numerous large positive cells in a B-cell-poor background raise concern for a T-cell-rich variant pattern or evolution toward T-cell/histiocyte-rich large B-cell lymphoma in this nodular lymphocyte predominant Hodgkin lymphoma; correlation with the labeled panel is required.	https://imagebank.hematology.org/image/62054/nlphl-with-progression?type=upload
62070	partial	peripheral blood smear with spherocytic view 3	Peripheral blood smear shows numerous small, densely staining round red cells lacking central pallor, with anisocytosis and scattered larger pale cells. Crenation with regular short spicules affects a large proportion of the red cells and, together with the thick, poorly spread field, makes reliable distinction between true spherocytes and artifactual loss of central pallor difficult. A single larger, intensely stained round cell is present but cannot be characterized at this resolution. Findings are suggestive of, but not diagnostic for, a spherocytic red cell population; review of a thin, well-prepared fresh smear is recommended.	https://imagebank.hematology.org/image/62070/peripheral-blood-smear-with-spherocytic-view-3?type=upload
62094	partial	Identifying Concomitant Parasitism in an Individual Host	Peripheral blood smear shows a single long, slender, coiled microfilaria at the upper left with a column of densely stained nuclei and a pale sheath extending beyond the body. The surrounding red cells appear largely unremarkable, and definite Plasmodium vivax trophozoites are not clearly resolved in this field at this resolution. The tail nuclear pattern cannot be evaluated, so species identification is limited, although a sheathed microfilaria in an Indian patient most likely represents Wuchereria bancrofti or Brugia malayi. Findings confirm microfilaremia; the reported concomitant P. vivax infection is not demonstrated in this particular image.	https://imagebank.hematology.org/image/62094/identifying-concomitant-parasitism-in-an-individual-host?type=upload
62172	partial	Pure Erythroid Leukemia 3	Bone marrow aspirate smear shows a hypercellular field dominated by erythroid precursors across a spectrum of maturation, from proerythroblasts with deeply basophilic cytoplasm and round nuclei to later erythroblasts with condensed chromatin. Many erythroid cells show nuclear irregularities, including lobulation, budding and elongated forms. Granulocytic elements are sparse. Although the erythroid proliferation is striking, a differential count is needed to document >80% erythroid cells with ≥30% proerythroblasts; in that context, the findings would be consistent with pure erythroid leukemia.	https://imagebank.hematology.org/image/62172/pure-erythroid-leukemia-3?type=upload
62211	partial	Dyserythropoesis in CDA	Bone marrow aspirate smear shows clusters of erythroid precursors that predominate among the nucleated cells. Several erythroblasts show irregular, lobulated or paired nuclear profiles suggesting binuclearity and nuclear fragmentation, with some nuclear-cytoplasmic asynchrony. Granulocytic precursors are present without increased blasts. Image resolution limits confident assessment of multinuclearity and internuclear chromatin bridges. Findings are compatible with dyserythropoiesis and, in the appropriate congenital clinical setting, suggestive of congenital dyserythropoietic anemia.	https://imagebank.hematology.org/image/62211/dyserythropoesis-in-cda?type=upload
62234	partial	Multiple Myeloma-bone marrow 2	Bone marrow aspirate smear shows trilineage hematopoietic elements with predominance of maturing granulocytic precursors. Two plasma cells with eccentric nuclei, clock-face chromatin, deeply basophilic cytoplasm and perinuclear hofs are present in the center of the field. The plasma cells in this single field are not numerous, so their proportion cannot be estimated from this image. Findings show plasma cells; correlation with a full differential count, clonality studies and serum/urine protein studies is required to support plasma cell myeloma.	https://imagebank.hematology.org/image/62234/multiple-myelomabone-marrow-2?type=upload
62265	partial	Multiple Myloma 5	The image is a gross photograph of a centrifuged glass tube showing a dark red packed red cell layer and an overlying clear amber-yellow plasma layer, with a few small red flecks at the plasma interface that may represent aggregated red cells. The plasma is not visibly hemolyzed. Rouleaux formation is a microscopic finding and cannot be confirmed from this macroscopic image; it requires a peripheral smear or wet preparation, where rouleaux disperse with saline dilution whereas true agglutination persists. The image is therefore only partially illustrative of the stated rouleaux in multiple myeloma and should be correlated with the blood film, ESR and serum protein electrophoresis.	https://imagebank.hematology.org/image/62265/multiple-myloma-5?type=upload
62383	partial	Prominent large eosinophilic abscess	Low-power H&E section of lymph node shows a large, ill-defined pale eosinophilic area set within densely cellular lymphoid parenchyma with vague nodular contours suggestive of follicles. At this magnification the cellular composition of the pink zone cannot be confirmed; higher power would be needed to document sheets of eosinophils and necrosis. In context, the appearance is compatible with an eosinophilic abscess in a background of follicular hyperplasia; parasitic infection, Kimura disease, and IgG4-related disease should be considered clinically.	https://imagebank.hematology.org/image/62383/prominent-large-eosinophilic-abscess?type=upload
62417	partial	paracortical tissue showing thick vessels containing waxy, homogenous, pale eosinophilic extracellular material	Sections show fibroadipose tissue containing several thick-walled blood vessels whose walls are expanded by homogeneous, waxy, pale eosinophilic acellular material. The deposits are relatively hypocellular and extend into the perivascular stroma. Adjacent areas of fresh hemorrhage and mature adipose tissue are present; lymph node parenchyma (paracortex) is not clearly identifiable in this particular field. The findings are suggestive of vascular amyloid deposition, which should be confirmed with Congo red staining and polarization.	https://imagebank.hematology.org/image/62417/paracortical-tissue-showing-thick-vessels-containing-waxy-homogenous-pale-eosinophilic-extracellular?type=upload
62418	partial	Paracortical tissue with thick blood vessels due to amyloid deposition.	Low-power H&E section shows a nodular aggregate of numerous thick-walled vessels whose walls are expanded by pale, homogeneous, acellular eosinophilic material, with intervening adipose tissue and fibrous stroma and hemorrhage at the left edge. Bony trabeculae with fatty hematopoietic marrow are present at the top and right of the fragment, and no lymph node architecture (capsule, sinuses, follicles) is recognizable, so the tissue appears to be bone/marrow rather than paracortical lymph node as captioned. The vascular wall thickening is suggestive of amyloid deposition, which must be confirmed by Congo red with apple-green birefringence and typed (e.g., AL light chain). In a patient with plasma cell myeloma, findings are suggestive of AL amyloid angiopathy.	https://imagebank.hematology.org/image/62418/paracortical-tissue-with-thick-blood-vessels-due-to-amyloid-deposition?type=upload
62422	partial	Peripheral smear  showing cocci in pairs within the cytoplasm of a monocyte.	Peripheral blood smear shows a thick area with overlapping crenated red cells and two leukocytes. The arrowed cell has an eccentric dense nucleus and pale granular cytoplasm containing a few tiny dark dots; at this magnification and in this thick field they cannot be confidently resolved as paired cocci. The second leukocyte shows an indented nucleus with finely granular, vacuolated cytoplasm. Intracellular bacteria in circulating phagocytes would indicate high-grade bacteremia, but confirmation requires oil-immersion review in a thin area, Gram stain and blood cultures.	https://imagebank.hematology.org/image/62422/peripheral-smear-showing-cocci-in-pairs-within-the-cytoplasm-of-a-monocyte?type=upload
62427	partial	Circulating megakaryocytes in a case of Visceral Leishmaniasis 2	Bone marrow aspirate smear (May-Grünwald-Giemsa) shows numerous small oval organisms, approximately 2-4 um, each containing a purple nucleus and a smaller rod-shaped kinetoplast, lying predominantly extracellularly around large pale nuclei of disrupted macrophages. A few erythroid precursors and a small lymphocyte are present. The image shows amastigotes in the marrow rather than the circulating megakaryocyte referred to in the title, which corresponds to the companion peripheral blood image. Findings are diagnostic of visceral leishmaniasis (Leishman-Donovan bodies).	https://imagebank.hematology.org/image/62427/circulating-megakaryocytes-in-a-case-of-visceral-leishmaniasis-2?type=upload
62429	partial	Burkitt Lymphoma CD10	CD10 immunostain shows a diffuse, monotonous population of medium-sized tumor cells that are negative for CD10. Only faint staining of scattered vascular/stromal elements is present, serving as an internal control. Of note, classic Burkitt lymphoma is characteristically CD10-positive; CD10 negativity is uncommon and should prompt careful exclusion of other high-grade B-cell lymphomas. The stain is interpreted as negative, which is partially concordant with the stated diagnosis and requires correlation with BCL6, BCL2, TdT, Ki-67 and MYC/BCL2/BCL6 FISH.	https://imagebank.hematology.org/image/62429/burkitt-lymphoma-cd10?type=upload
62433	partial	Lymph node with starry sky pattern	Low-power H&E section shows small intestinal mucosa with villi at the upper left, beneath which the bowel wall is effaced by a diffuse, monotonous, sheet-like lymphoid infiltrate with scattered foci of hemorrhage. No nodular or follicular architecture is present. At this magnification the characteristic starry-sky pattern of interspersed tingible-body macrophages is only faintly appreciable, and cytologic features cannot be assessed; the tissue is intestine rather than lymph node as the title states. In the ileocecal region of a young patient, this diffuse transmural lymphoid infiltrate is suggestive of Burkitt lymphoma, pending high-power cytology, Ki-67, CD10/BCL2 and MYC studies.	https://imagebank.hematology.org/image/62433/lymph-node-with-starry-sky-pattern?type=upload
62445	partial	Mastocytosis High Power	High-power view of colonic mucosa (H&E) shows a lamina propria densely infiltrated by eosinophils, with focal extension of eosinophils into the crypt epithelium. Admixed lymphocytes, plasma cells and occasional pale oval mononuclear cells are present, while crypts remain intact without distortion or crypt abscesses. The eosinophil-rich infiltrate is nonspecific on its own; spindled mast cells are not clearly discernible in this field. Findings are compatible with the eosinophil-rich component of mucosal mastocytosis when correlated with CD117, tryptase and CD25 immunostains.	https://imagebank.hematology.org/image/62445/mastocytosis-high-power?type=upload
62455	partial	Mycosis Fungoides Blood	Peripheral blood smear shows two small to medium-sized lymphoid cells with high nuclear-to-cytoplasmic ratios and dense chromatin, one with an irregular, indented nuclear contour and a cytoplasmic tail and the other with a round nucleus showing a faint folded chromatin texture. No nucleoli are apparent. A refractile fragment of debris is present in the center of the field as an artifact. The atypical nuclear contours are suggestive but not diagnostic of Sezary cells; in the context of mycosis fungoides, blood involvement should be confirmed by flow cytometry and clonality studies.	https://imagebank.hematology.org/image/62455/mycosis-fungoides-blood?type=upload
62456	partial	Mycosis Fungoides Blood	Peripheral blood smear shows a small lymphocyte with dense, clumped chromatin, a slightly irregular nuclear outline, and scant cytoplasm, and a separate large mononuclear cell with an oval nucleus and abundant pale blue cytoplasm with irregular borders molding around adjacent red cells. Neither cell shows an unequivocal cerebriform nuclear configuration at this magnification. The large cell has the appearance of a reactive lymphocyte or monocyte, and the small cell may represent a small Sezary-type cell but is not diagnostic by morphology alone. In the context of mycosis fungoides, blood involvement should be established by flow cytometry (CD4:CD8 ratio, CD7 and CD26 loss) and T-cell clonality studies rather than morphology.	https://imagebank.hematology.org/image/62456/mycosis-fungoides-blood?type=upload
62523	partial	Cat Scratch Disease-H&E High Power	High-power H&E shows predominantly amorphous, finely granular and vacuolated necrotic material containing wavy residual collagen bundles and scattered degenerated nuclei and nuclear debris. No viable epithelioid histiocytes, giant cells or organisms are identified in this field. The appearance represents the central necrotic zone of a necrotizing granulomatous process; in isolation it is nonspecific, and correlation with the palisading histiocytic rim, special stains for organisms and clinical history is needed to support cat scratch disease.	https://imagebank.hematology.org/image/62523/cat-scratch-diseasehe-high-power?type=upload
62524	partial	Cat Scratch Disease-Steiner	Steiner silver stain of the necrotic area shows a yellow-brown background of granular debris with rare tiny dark rod-like and punctate particles. Definite clusters or chains of pleomorphic bacilli are not convincingly resolved at this magnification and focus, and nonspecific silver deposition on debris cannot be excluded. In cat scratch disease, Bartonella henselae appears as small black, pleomorphic, curved bacilli in clusters, often in necrotic areas and vessel walls, best evaluated under oil immersion; a negative or equivocal silver stain does not exclude the diagnosis, and serology or PCR is more sensitive.	https://imagebank.hematology.org/image/62524/cat-scratch-diseasesteiner?type=upload
62542	partial	Refractory Cytopenia of Childhood	Bone marrow core biopsy at low-to-medium power shows marrow spaces between bony trabeculae with interspersed adipocytes and trilineage hematopoiesis. Erythroid clusters and maturing granulocytes are present, whereas megakaryocytes are sparse. Cellularity in this field is not markedly decreased, which may occur in a minority of refractory cytopenia of childhood cases, but hypocellularity elsewhere cannot be excluded from a single field. No abnormal infiltrate is identified. Findings are nonspecific in isolation and must be integrated with aspirate dysplasia, blast count and cytogenetics.	https://imagebank.hematology.org/image/62542/refractory-cytopenia-of-childhood?type=upload
62546	partial	Refractory Cytopenia of Childhood	Peripheral blood smear at low-to-medium power shows reduced numbers of leukocytes, with only two small lymphocytes and one monocytoid cell in the field and no neutrophils. Platelets are markedly decreased. Red cells are predominantly normocytic and normochromic with mild anisocytosis. No blasts or dysplastic forms are identified. Findings suggest pancytopenia, which is nonspecific but compatible with refractory cytopenia of childhood in the appropriate clinical and marrow context.	https://imagebank.hematology.org/image/62546/refractory-cytopenia-of-childhood?type=upload
62547	partial	Refractory Cytopenia of Childhood	Peripheral blood smear shows a single segmented neutrophil with normal lobation and granulation. Red cells show mild anisocytosis with occasional macrocytes, without significant poikilocytosis. Leukocytes and platelets appear sparse in this field, although counts cannot be judged from a single high-power field. No blasts or dysplastic granulocytes are identified. Findings are nonspecific; macrocytosis and cytopenias may accompany refractory cytopenia of childhood but require correlation with blood counts and marrow examination.	https://imagebank.hematology.org/image/62547/refractory-cytopenia-of-childhood?type=upload
62577	partial	Germinotropic Lymphoproliferative Disorder-H&E	Lymph node section shows a follicle with a small, regressed germinal center containing pale eosinophilic material and dendritic cells, surrounded by concentrically layered small mantle zone lymphocytes in an onion-skin pattern, with a vessel penetrating toward the follicle. The interfollicular areas contain prominent high endothelial venules and a dilated vascular space. Clusters of large plasmablastic cells are not evident in this particular field. These Castleman-like changes may be seen in the background of HHV8-positive germinotropic lymphoproliferative disorder, but the diagnostic germinal-center plasmablast aggregates must be identified elsewhere and confirmed with HHV8 LANA-1 and EBER.	https://imagebank.hematology.org/image/62577/germinotropic-lymphoproliferative-disorderhe?type=upload
62586	partial	Follicular Lymphoma Grade 3a-H&E	Low-power H&E section of lymph node shows architectural effacement by numerous closely packed, back-to-back neoplastic follicles of relatively uniform size with attenuated mantle zones and compressed interfollicular regions. The follicles lack polarization and a starry-sky pattern of tingible-body macrophages. Cytologic detail is insufficient at this magnification to count centroblasts, so grading requires high-power evaluation (grade 3A: >15 centroblasts per HPF with centrocytes still present). The architecture is consistent with follicular lymphoma, reported in this case as grade 3A.	https://imagebank.hematology.org/image/62586/follicular-lymphoma-grade-3ahe?type=upload
62603	partial	Plasmacytoma-Like PTLD, EBV+ EBER	Low-power whole-section image of EBER in situ hybridization shows a solid, densely cellular nodule that is diffusely darker than the adjacent pale soft tissue, suggesting widespread signal within the lesional cells. However, at this scanning magnification discrete nuclear staining cannot be confirmed and interpretation depends on higher-power fields. In conjunction with high-power EBER images from the same case, the findings support an EBV-associated lesion, consistent with EBV-positive plasmacytoma-like post-transplant lymphoproliferative disorder.	https://imagebank.hematology.org/image/62603/plasmacytomalike-ptld-ebv-eber?type=upload
62616	partial	Primary Effusion Lymphoma-Clinical	Clinical photograph of the scalp shows multiple violaceous to dark brown macules, papules and small plaques of variable size, some coalescing, without ulceration. The appearance is most suggestive of cutaneous Kaposi sarcoma. The photograph itself does not demonstrate the effusion lymphoma; its relevance is that Kaposi sarcoma indicates KSHV/HHV8 infection, which frequently coexists with primary effusion lymphoma, particularly in HIV-positive patients. Biopsy with HHV8 LANA-1 immunostaining is required for confirmation.	https://imagebank.hematology.org/image/62616/primary-effusion-lymphomaclinical?type=upload
62618	partial	Primary Effusion Lymphoma-H&E	Skin biopsy at low power shows an intact epidermis overlying a dermis diffusely expanded by a proliferation of spindle cells arranged between collagen bundles. Numerous irregular, jagged and slit-like vascular spaces dissect the dermis, and there are scattered perivascular lymphoplasmacytic aggregates; a preexisting hair follicle is surrounded by the proliferation. No sheets of large lymphoma cells are seen. The findings are most consistent with Kaposi sarcoma (plaque stage) in a patient with KSHV/HHV8-associated primary effusion lymphoma; HHV8 LANA-1 immunostaining would confirm.	https://imagebank.hematology.org/image/62618/primary-effusion-lymphomahe?type=upload
62619	partial	Primary Effusion Lymphoma-H&E High Power	Skin biopsy at high power shows a dermal proliferation of plump spindle and epithelioid cells infiltrating between collagen bundles. The lesional cells have oval vesicular nuclei with mild atypia and form slit-like vascular channels containing extravasated erythrocytes, with scattered eosinophilic globules. Sheets of large immunoblastic or plasmablastic lymphoma cells are not seen in this field. In the context of a KSHV-associated primary effusion lymphoma case, the morphology is most suggestive of a coexisting Kaposi sarcoma; confirmation with HHV8 LANA-1 plus vascular markers (CD31/ERG) versus CD45/CD138 is recommended.	https://imagebank.hematology.org/image/62619/primary-effusion-lymphomahe-high-power?type=upload
62620	partial	Primary Effusion Lymphoma-H&E	Section of tissue at low-to-intermediate power shows an infiltrate of intermediate-to-large atypical cells arranged in cords, nests and sheets that dissect a dense collagenous stroma, with a small lymphoid aggregate. The cells have moderate amphophilic cytoplasm and enlarged nuclei, but nucleolar and plasmablastic detail cannot be resolved at this magnification, and the nested pattern could mimic carcinoma or melanoma. Immunostains on this case show HHV8/LANA nuclear positivity with CD45 and MUM1 expression and lack of immunoglobulin light chains, supporting extracavitary (solid) primary effusion lymphoma.	https://imagebank.hematology.org/image/62620/primary-effusion-lymphomahe?type=upload
62626	partial	Primary Effusion Lymphoma-HHV8	HHV8 (LANA-1) immunohistochemistry at low power shows an unremarkable surface squamous epithelium overlying edematous stroma that contains numerous scattered cells with nuclear HHV8 positivity. The positive cells are distributed diffusely as single cells through the stroma. At this magnification cytologic detail is limited and a vasoformative lesion cannot be entirely excluded on this image alone. In the context of a large-cell lymphoma lacking B-cell markers, the findings support tissue (extracavitary) involvement by HHV8-positive primary effusion lymphoma.	https://imagebank.hematology.org/image/62626/primary-effusion-lymphomahhv8?type=upload
62632	partial	Paroxysmal Nocturnal Hemoglobinuria-Blood	Low-power peripheral blood smear shows a monolayer of normochromic red cells with very few leukocytes and scarce platelets in the field, raising the possibility of cytopenias. The arrows highlight pale, poorly outlined red cell structures and a small cluster of red cells, which may represent lysed red cell ghosts reflecting intravascular hemolysis, although detail is not resolvable at this magnification. No schistocytes or spherocytes can be assessed reliably. The findings are nonspecific but compatible with an intravascular hemolytic process such as paroxysmal nocturnal hemoglobinuria, which requires flow cytometric confirmation.	https://imagebank.hematology.org/image/62632/paroxysmal-nocturnal-hemoglobinuriablood?type=upload
62654	partial	Presence of LE cells in Bone Marrow	Bone marrow aspirate smear shows a cluster of cells surrounded by red cells. At the top of the cluster are smooth, rounded, homogeneous purple masses without chromatin structure, and the adjacent cells show vacuolated cytoplasm and indented nuclei, an arrangement reminiscent of phagocytes aggregating around free denatured nuclear material. Image resolution and focus are limited, and a classic LE cell with a peripheral crescentic host nucleus is not clearly resolved in this field. Findings are suggestive of LE phenomenon (rosette formation) in the given clinical context of systemic lupus erythematosus, though a cell clump cannot be fully excluded.	https://imagebank.hematology.org/image/62654/presence-of-le-cells-in-bone-marrow?type=upload
62656	partial	Presence of LE cells in Bone Marrow	Bone marrow aspirate smear shows a cluster of crowded, overlapping cells with dark, partly smudged nuclei, admixed with homogeneous purple material and granular debris. A few rounded pale nuclear masses without chromatin texture are present within the cluster, and an isolated degenerated cell is seen at the lower left. Cell preservation is poor and no discrete LE cell with a crescentic displaced nucleus can be confidently identified in this field. The findings may represent aggregation of phagocytes around denatured nuclear material in the clinical setting of systemic lupus erythematosus, but they are not diagnostic on their own.	https://imagebank.hematology.org/image/62656/presence-of-le-cells-in-bone-marrow?type=upload
62660	partial	Extracavitary Primary Effusion Lymphoma-H&E Low Power	Scanning-power H&E section shows an entire lymph node with an intact fibrous capsule and perinodal fat. The nodal architecture is largely preserved, with numerous small follicles, some with small or regressed germinal centers, and no mass-forming effacement. Sinusoidal involvement by large neoplastic cells is not resolvable at this magnification, and linear sectioning artifacts are present. This field alone would not suggest lymphoma; the diagnosis of extracavitary primary effusion lymphoma relies on higher-power identification of large cells within sinuses and HHV8 immunostaining.	https://imagebank.hematology.org/image/62660/extracavitary-primary-effusion-lymphomahe-low-power?type=upload
62691	partial	Chronic Lymphoproliferative Disorder of NK Cells - Blood	Peripheral blood smear shows a single lymphoid cell with moderate pale blue cytoplasm containing a few fine azurophilic granules. The nucleus is atypical, with a deeply indented, multilobated flower-like contour and condensed chromatin without nucleoli. The red cells show rouleaux-like stacking and scattered ovalocytes; platelets are present. The granular cytoplasm supports a large granular lymphocyte, which fits chronic lymphoproliferative disorder of NK cells, but the lobated nucleus is not the typical round LGL morphology and a single cell cannot establish clonality or NK lineage. Findings are partially consistent with an NK-cell LGL; flow cytometry is required.	https://imagebank.hematology.org/image/62691/chronic-lymphoproliferative-disorder-of-nk-cells--blood?type=upload
62704	partial	Abnormal plasma cell with multiple nucleoli	Bone marrow aspirate smear shows increased atypical plasma cells of variable size with eccentric nuclei and deeply basophilic cytoplasm. In the center is a large abnormal plasma cell with abundant basophilic cytoplasm containing multiple nuclei or nuclear lobes with relatively open chromatin; distinct nucleoli are not clearly resolved in this thick, partially out-of-focus field, so the multinucleation is the more evident abnormality. Findings are consistent with plasma cell myeloma with atypical, multinucleated plasma cells.	https://imagebank.hematology.org/image/62704/abnormal-plasma-cell-with-multiple-nucleoli?type=upload
62707	partial	Mixed Phenotype Acute Leukemia, B/myeloid: Blood	Peripheral blood smear stained with a cytochemical stain (likely myeloperoxidase with a blue-black chromogen) shows a mature granulocyte with strong, coarse granular positivity serving as an internal control. Two large cells with pale cytoplasm and folded contours, presumed blasts, are essentially negative, with only rare focal granules in one cell. Nuclear detail is not well seen with the counterstain, and fine dots over red cells are likely artifact. Cytochemistry therefore shows at most a minor MPO-positive blast subset; in the context of mixed phenotype acute leukemia, B/myeloid, myeloid lineage assignment rests on flow cytometric MPO expression in a defined blast population together with B-lineage markers.	https://imagebank.hematology.org/image/62707/mixed-phenotype-acute-leukemia-bmyeloid-blood?type=upload
62853	partial	endomitosis in malignant plasma cell	Bone marrow aspirate smear shows a very large atypical cell with abundant, deeply basophilic, finely vacuolated cytoplasm. Within the cell there is a cluster of condensed, rod-like chromosomes in a metaphase-like configuration alongside a separate eccentric nuclear mass, indicating an abnormal mitosis with chromosome condensation not followed by normal nuclear division (endomitosis). The cytoplasmic basophilia supports plasmacytic differentiation, although discrete Russell bodies are not clearly seen in this field. In a patient with CLL, findings are consistent with a highly proliferative atypical plasmablastic cell, supporting Richter transformation to plasmablastic lymphoma.	https://imagebank.hematology.org/image/62853/endomitosis-in-malignant-plasma-cell?type=upload
62876	partial	Indolent T-cell Lymphoproliferative Disorder: CD20, CD3, CD8, & CD2	Low-power immunohistochemical panel of colonic mucosa shows that the lamina propria infiltrate is diffusely positive for CD3 and CD2, with only rare CD20-positive B cells. CD5 stains only scattered cells, indicating aberrant loss of CD5 in the neoplastic T-cell population. The crypts are preserved. Note that the four panels are labeled CD20, CD3, CD5 and CD2, whereas the title lists CD8 instead of CD5. The findings support an immunophenotypically aberrant T-cell infiltrate consistent with indolent T-cell lymphoproliferative disorder of the gastrointestinal tract.	https://imagebank.hematology.org/image/62876/indolent-tcell-lymphoproliferative-disorder-cd20-cd3-cd8--cd2?type=upload
62902	partial	Diagnosing D Variant Serologically in the Laboratory	Low-power microscopic view of a conventional tube test with monoclonal IgM anti-D shows large red cell agglutinates set against numerous free, unagglutinated red cells, a mixed-field reaction. The image itself demonstrates only the mixed-field pattern and does not by itself establish a D variant; this requires exclusion of recent transfusion or chimerism and supplementary testing such as weak D testing by indirect antiglobulin technique (positive in this case) and, ideally, RHD genotyping. In this transfusion-dependent patient with aplastic anemia, the finding supports reporting the D type as indeterminate (possible D variant) with transfusion of D-negative red cells.	https://imagebank.hematology.org/image/62902/diagnosing-d-variant-serologically-in-the-laboratory?type=upload
62910	partial	Pigment in neutrophils and myeloid cells 6	Peripheral blood smear shows a single granulocyte whose cytoplasm is packed with coarse, irregular dark purple-black granular material that overlies and partially obscures a lobulated nucleus. The surrounding red cells are normochromic with several echinocytes, and scattered platelets are present. In isolation, the cell closely resembles a basophil or a neutrophil with heavy toxic granulation; the reported history of blood drawn after iodinated contrast injection, with similar black material in other neutrophils and myeloid precursors, supports interpretation as ingested pigment. Findings are suggestive of contrast-associated pigment in a neutrophil, with toxic changes in a septic patient.	https://imagebank.hematology.org/image/62910/pigment-in-neutrophils-and-myeloid-cells-6?type=upload
62913	partial	Blasts with pseudo-chediak-higashi granules.	Smear shows several large blasts with fine chromatin, occasional nuclear indentation, and moderate basophilic cytoplasm, together with scattered small lymphocytes and a maturing granulated myeloid cell. One centrally placed blast contains coarse, enlarged cytoplasmic granules, compatible with the fused granules described as pseudo-Chédiak-Higashi granules, although truly giant inclusions are not clearly resolved at this magnification. No Auer rods are identified in this field. In the setting of RUNX1::RUNX1T1, findings are consistent with acute myeloid leukemia with t(8;21) showing abnormal granule fusion.	https://imagebank.hematology.org/image/62913/blasts-with-pseudochediakhigashi-granules?type=upload
62914	partial	Myeloblasts with AML with t(8;21)	High-power view of a smear shows three large blasts with round nuclei, finely dispersed chromatin, and high nuclear-to-cytoplasmic ratio. The left blast has a moderate rim of pale basophilic cytoplasm with a paler juxtanuclear zone and faint linear cytoplasmic streaking that may correspond to a slender Auer rod; however, a discrete Auer rod is not clearly demonstrated at this focus and resolution. No maturing granulocytes are present in this field for assessment of dysplasia. Findings are consistent with myeloblasts and, in conjunction with cytogenetic confirmation, with acute myeloid leukemia with t(8;21).	https://imagebank.hematology.org/image/62914/myeloblasts-with-aml-with-t821?type=upload
62938	partial	Chediak Higashi- Incidental Detection 4	This digitally enlarged image of a single peripheral blood leukocyte is markedly pixelated and blurred. A dense, lobulated dark purple central mass is seen with a few discrete large dark granules at the periphery, but nuclear detail, cytoplasm, and granule size relative to normal cannot be reliably assessed. The image is non-diagnostic on its own; in the context of the other images from this case, it may represent a leukocyte with Chediak-Higashi giant granules.	https://imagebank.hematology.org/image/62938/chediak-higashi-incidental-detection-4?type=upload
62939	partial	Wuchereria Bancrofti with CML in Accelerated Phase 1	Peripheral blood smear shows marked leukocytosis with a left-shifted granulocytic series spanning myelocytes, metamyelocytes, bands, and segmented neutrophils. Several basophils with coarse dark granules and a large immature cell with fine chromatin and basophilic cytoplasm are present. Red cells show mild anisopoikilocytosis. No microfilariae are present in this field; the parasites were reported at the smear edges and tail. Together with the reported 12% blasts and 15% basophils, findings are consistent with chronic myeloid leukemia in accelerated phase (as defined by ELN/ICC criteria).	https://imagebank.hematology.org/image/62939/wuchereria-bancrofti-with-cml-in-accelerated-phase-1?type=upload
62965	partial	Niemann-Pick disease with isolated leukemic nonnodal mantle cell lymphoma of the spleen	Composite figure. Splenic section shows red pulp diffusely expanded by pale foamy histiocytes, with a periarteriolar white pulp lymphoid aggregate that is not nodular or markedly expanded. An immunostain with nuclear staining highlights scattered small positive cells within the white pulp. The bone marrow biopsy shows fat and interstitial pale histiocytes without an obvious lymphoid aggregate. Findings are consistent with storage histiocytosis compatible with Niemann-Pick disease, with a subtle non-nodular lymphoma infiltrate (reported as leukemic non-nodal mantle cell lymphoma) requiring cyclin D1/SOX11 and flow cytometry for confirmation.	https://imagebank.hematology.org/image/62965/niemannpick-disease-with-isolated-leukemic-nonnodal-mantle-cell-lymphoma-of-the-spleen?type=upload
62984	partial	The fertile field of “isomopic” immune dysregulation as a nidus for lymphoproliferative disorders	Composite figure: clinical photographs show erythematous, scaly and crusted papules coalescing into plaques on the trunk. Skin biopsy shows a dense dermal lymphoid infiltrate arranged in sheets and nodules beneath an intact epidermis. At high power the infiltrate consists of monotonous small to medium-sized lymphocytes with condensed chromatin and scant cytoplasm; large transformed cells are not prominent at this magnification. Immunostains show diffuse strong positivity of the infiltrate with one marker and a nuclear-staining marker in many cells, while a further stain highlights only scattered cells. In the clinical context, findings are consistent with cutaneous involvement by CLL/SLL arising at a site of prior skin inflammation (isotopic immune response); the specific markers are not labeled in the image.	https://imagebank.hematology.org/image/62984/the-fertile-field-of-isomopic-immune-dysregulation-as-a-nidus-for-lymphoproliferative-disorders?type=upload
63016	partial	Refractory anemia with ring sideroblasts	Bone marrow aspirate smear stained for iron (Prussian blue with nuclear fast red counterstain) shows a mixed population of nucleated cells, including erythroid precursors and segmented granulocytes, on a background of red cell debris. A few scattered blue siderotic granules are present, but a clear perinuclear ring of granules encircling erythroblast nuclei is not well resolved in this photomicrograph, likely owing to magnification and color balance. Ring sideroblasts should be counted at high power as erythroblasts with at least five granules covering at least one-third of the nuclear circumference. With the reported 40% ring sideroblasts and SF3B1 mutation, the case is consistent with MDS with low blasts and SF3B1 mutation (formerly refractory anemia with ring sideroblasts).	https://imagebank.hematology.org/image/63016/refractory-anemia-with-ring-sideroblasts?type=upload
63120	partial	EBV-triggered hemophagocytic lymphohistiocytosis in a boy with a history of non-Hodgkin lymphoma	Peripheral blood smear shows circulating plasmacytoid lymphocytes and plasmablast-like cells with eccentric nuclei, abundant deeply basophilic cytoplasm, and perinuclear hofs (panels A and B, arrows). Flow cytometry (panel C) demonstrates an expanded CD19-positive B-cell population (32% of lymphocytes), the majority of which co-express CD38 and surface IgM, consistent with an activated plasmablastic phenotype; a smaller CD19-positive subset is IgM+ CD38−. Light-chain analysis is not shown, so clonality cannot be assessed from this figure, and hemophagocytosis itself is not illustrated. In a patient with EBV-triggered HLH, these findings are best interpreted as a reactive EBV-driven plasmablastic B-cell response, but relapse of B-cell lymphoma should be excluded given the history.	https://imagebank.hematology.org/image/63120/ebvtriggered-hemophagocytic-lymphohistiocytosis-in-a-boy-with-a-history-of-nonhodgkin-lymphoma?type=upload
63227	partial	Multiple myeloma - Bone marrow smear 1	Low-power view of a Wright-Giemsa stained bone marrow aspirate smear shows a markedly cellular, particle-rich preparation with numerous fat vacuoles. The cellular trails are dominated by a relatively monotonous population of round mononuclear cells with basophilic cytoplasm, with apparent reduction of normal trilineage hematopoiesis and no megakaryocytes evident in this field. Cytologic features of individual cells cannot be assessed at this magnification. The low-power pattern is compatible with extensive marrow infiltration, which in this case was reported as mature plasma cells; high-power examination and plasma cell quantification are required to confirm multiple myeloma.	https://imagebank.hematology.org/image/63227/multiple-myeloma--bone-marrow-smear-1?type=upload
63237	partial	MCD - H&E - Fig 6	Section shows a lesion extensively replaced by broad, anastomosing, eosinophilic trabeculae with intervening small lymphocytes, plasma cells and thin-walled vessels, and a focus of hemorrhage. The trabecular material is consistent with metaplastic ossification or osteoid, as described, but osteocytic lacunae, osteoblastic rimming and cement lines are not clearly evident at this magnification, so dense hyalinized collagen cannot be excluded from this image alone. No lymphoid follicles are present in this field. Findings are compatible with regressive stromal change (ossification/hyalinization) in long-standing Castleman disease, correlating with other fields showing regressed follicles.	https://imagebank.hematology.org/image/63237/mcd--he--fig-6?type=upload
63241	partial	Snapper-Schneid granules in plasma cell	Blood smear shows a single mononuclear cell with an eccentric, dark, condensed nucleus and a rim of cytoplasm filled with numerous uniform round inclusions. The inclusions have a clear halo with a dark eccentric dot or crescent, rather than the fine azurophilic granules usually expected. The submitted interpretation is Snapper-Schneid granules (lysosomal azurophilic granules) in a plasma cell; however, the image resolution does not allow confident identification of the host cell as a plasma cell, and the halo-and-dot appearance overlaps with intracellular yeasts such as Histoplasma capsulatum or Talaromyces marneffei. Review of additional fields and, if doubt remains, GMS/PAS staining or culture is recommended before accepting this as a plasma cell with azurophilic granules.	https://imagebank.hematology.org/image/63241/snapperschneid-granules-in-plasma-cell?type=upload
63251	partial	Leukemia cutis in acute myeloid leukemia - 2	Composite of six high-power fields from a peripheral blood smear shows circulating blasts. The blasts are medium to large with moderate to high N:C ratios, round to irregular or indented nuclei, finely dispersed chromatin with inconspicuous nucleoli, and scant to moderate pale gray-blue agranular cytoplasm, some with cytoplasmic blebs. No Auer rods, cytoplasmic granules or dysplastic neutrophils are identified in these fields. The image shows only the blood component; the cutaneous infiltrate referred to in the title is not depicted. Together with the reported immunophenotype (CD117+, CD33+, CD7+, HLA-DR+, cMPO-negative, CD19/CD20/CD14/CD64-negative), findings are consistent with acute myeloid leukemia with minimal differentiation.	https://imagebank.hematology.org/image/63251/leukemia-cutis-in-acute-myeloid-leukemia--2?type=upload
63285	partial	AML with myelodysplasia related changes- Peripheral blood smear	Peripheral blood smear at low-to-medium power shows a paucicellular field with only two leukocytes, suggesting leukopenia. One is an atypical mononuclear cell with moderately fine chromatin and basophilic cytoplasm that may represent a circulating blast, and the other is a small mature lymphocyte. Red cells show mild anisopoikilocytosis with occasional elliptocytes, and platelets appear decreased in this field. No neutrophils are present to evaluate for dysplasia. The findings are nonspecific and, while compatible with the clinical diagnosis of acute myeloid leukemia with myelodysplasia-related changes, require correlation with bone marrow morphology, blast enumeration and cytogenetic/molecular studies.	https://imagebank.hematology.org/image/63285/aml-with-myelodysplasia-related-changes-peripheral-blood-smear?type=upload
63292	partial	AML with myelodysplasia related changes- Bone marrow biopsy Iron	Iron stain (Prussian blue with nuclear fast red counterstain) of what appears to be a bone marrow aspirate smear, rather than a core biopsy section as labeled, shows scattered nucleated cells with only rare fine extracellular blue granules. No ring sideroblasts are identified among the nucleated cells in this field, and no marrow particle or macrophage is present to grade storage iron. Evaluation is limited by focus and the small number of cells. Findings do not demonstrate ring sideroblasts in this field; a full assessment of storage iron and sideroblasts on particle-containing aspirate smears is required.	https://imagebank.hematology.org/image/63292/aml-with-myelodysplasia-related-changes-bone-marrow-biopsy-iron?type=upload
63311	partial	Dapsone Induced Oxidative Haemolysis.	Peripheral blood smear shows anisocytosis with numerous small, dense erythrocytes lacking central pallor, consistent with spherocytes and irregularly contracted cells, along with scattered crenated cells and occasional red cell fragments. Classic bite cells and blister cells with eccentric hemoglobin retraction are not clearly identified in this field, and Heinz bodies require a supravital stain for demonstration. Platelets appear adequate and no leukocytes are present in this field. In the setting of dapsone therapy, the findings are suggestive of oxidative hemolysis; confirmation with a Heinz body preparation, methemoglobin level and G6PD assay is recommended.	https://imagebank.hematology.org/image/63311/dapsone-induced-oxidative-haemolysis?type=upload
63388	partial	urine analysis in sickle cell disease 2	Automated urine sediment digital imaging shows a single unstained particle measuring approximately 7-9 um with a crescentic shape and tapered ends, classified by the analyzer into a red cell-related class. The morphology resembles a sickled red cell, but the low resolution and absence of internal detail prevent definitive distinction from a folded or crenated red cell or other debris. Findings are suggestive of sickled red cells in urine in a patient with sickle cell disease and should be verified by manual microscopy of the sediment.	https://imagebank.hematology.org/image/63388/urine-analysis-in-sickle-cell-disease-2?type=upload
63400	partial	BONE MARROW BIOPSY 1	The image is a bone marrow aspirate smear rather than a biopsy section. It shows histiocytes whose pale blue cytoplasm contains numerous small, uniform, round-to-oval yeast-like organisms with clear halos, with additional organisms free in the background. Surrounding cells include lymphocytes, plasma cells and myeloid precursors in a vacuolated background, and a cohesive epithelioid granuloma as described in the title is not appreciable. Findings are suggestive of disseminated fungal infection, most likely histoplasmosis; GMS/PAS stains, culture, antigen testing and correlation with the biopsy are recommended.	https://imagebank.hematology.org/image/63400/bone-marrow-biopsy-1?type=upload
63402	partial	G-6-PD deficiency & eryptosis vs dyserythropoesis	Peripheral blood smear at high power shows several nucleated red cells with small dense nuclei, one of which displays nuclear budding with a detached nuclear fragment. Red cells show anisopoikilocytosis with oval and teardrop-like forms, and platelets are numerous with large granular forms. Classic bite or blister cells are not convincingly seen in this field. Findings are consistent with a hemolytic picture with circulating nucleated red cells showing nuclear budding; these changes are not specific, and G6PD deficiency requires confirmation by enzyme assay and a Heinz body preparation.	https://imagebank.hematology.org/image/63402/g6pd-deficiency--eryptosis-vs-dyserythropoesis?type=upload
63440	partial	ACANTHOCYTES IN PERIPHERAL BLOOD SMEAR 1	Peripheral blood smear shows numerous red cells with surface projections. Most of these cells retain central pallor and have short, relatively uniform, evenly distributed spicules, a pattern typical of echinocytes (burr cells); only a minority are smaller, dense cells with fewer irregular spiky projections resembling acanthocytes. A small lymphocyte and platelets are present, and schistocytes are not seen. In this patient with renal failure, the findings are most suggestive of echinocytosis (burr cells), with only a subset of cells meeting acanthocyte criteria; drying artifact from slow smear preparation should also be excluded. The title of acanthocytes is therefore only partly supported by this image.	https://imagebank.hematology.org/image/63440/acanthocytes-in-peripheral-blood-smear-1?type=upload
63492	partial	Bone Marrow Necrosis 3	Immunohistochemical stain on a bone marrow biopsy shows a densely cellular infiltrate in which nearly all cells demonstrate strong, diffuse cytoplasmic/membranous brown staining with sparing of the nuclei. The uniformity of staining indicates that the infiltrating population expresses the antigen tested. The antibody is not specified, so the lineage implication cannot be stated from the image alone. In the context of acute leukemia with focal coagulative necrosis, this pattern would support a lineage-defining marker expressed by the blast population, pending correlation with the full panel.	https://imagebank.hematology.org/image/63492/bone-marrow-necrosis-3?type=upload
63493	partial	Bone Marrow Necrosis 4	Immunohistochemical stain on a bone marrow biopsy shows a dense population of small to intermediate round cells. A subset of cells shows granular cytoplasmic/membranous brown staining in a patchy distribution, while many cells are negative. The specific antibody is not indicated, so the lineage significance of this pattern cannot be determined from the image alone. In the provided context of acute leukemia with focal coagulative necrosis, this stain is part of the immunophenotypic workup and must be interpreted with the full IHC panel and flow cytometry.	https://imagebank.hematology.org/image/63493/bone-marrow-necrosis-4?type=upload
63494	partial	Bone Marrow Necrosis 5	Immunohistochemical stain on a bone marrow biopsy shows a diffuse, densely cellular infiltrate of small to intermediate round cells. Most cells are negative or show only weak brownish nuclear staining, with rare cells containing small cytoplasmic brown dots. The antibody is not indicated and the staining is weak, so the result cannot be confidently interpreted as positive or negative from this image. Interpretation requires correlation with the stated diagnosis of acute leukemia with focal coagulative necrosis and the remainder of the immunophenotypic panel.	https://imagebank.hematology.org/image/63494/bone-marrow-necrosis-5?type=upload
63535	partial	Mast cells in peripheral blood	Peripheral blood smear shows a single large cell with abundant pale grey-blue, finely vacuolated cytoplasm containing sparse faint granules, irregular angulated borders and an eccentric bilobed to folded nucleus with moderately condensed chromatin. The background red cells and platelets are unremarkable in this field. The cell lacks the dense metachromatic granulation of a typical mast cell, and on morphology alone a monocyte cannot be excluded. In a patient with systemic mastocytosis, this may represent a circulating hypogranular atypical (bilobed) mast cell; confirmation by tryptase or CD117/CD25 flow cytometry is recommended, and quantification is needed to assess for mast cell leukemia.	https://imagebank.hematology.org/image/63535/mast-cells-in-peripheral-blood?type=upload
63541	partial	Therapy related myeloid neoplasm 2	Bone marrow aspirate smear shows a hypercellular particle with a crowded population of immature mononuclear cells having high N:C ratios, fine chromatin and occasional nucleoli, suggesting increased blasts, which should be quantified on a differential count. A megakaryocyte in the center shows abundant pale granular cytoplasm with a single small, round, non-lobated nucleus, a dysplastic hypolobated (mononuclear) form. Micromegakaryocytes with widely separated nuclear lobes described for this case are not clearly identifiable in this particular field. In a patient with prior cytotoxic therapy, the dysmegakaryopoiesis and immature cell population are consistent with a therapy-related myeloid neoplasm.	https://imagebank.hematology.org/image/63541/therapy-related-myeloid-neoplasm-2?type=upload
63590	partial	VEXAS SYNDROME 4	Bone marrow aspirate smear (Wright-Giemsa) shows a cellular specimen with orderly-appearing granulocytic maturation. A large cell with dense, clumped, eccentric nuclear lobes and pale cytoplasm is present, possibly representing a dysplastic megakaryocyte, and another large cell with abundant granular cytoplasm is seen at left. Distinct cytoplasmic vacuolization of myeloid or erythroid precursors, the hallmark finding of VEXAS syndrome, is not convincingly demonstrated in this particular field. Blasts are not increased in this view. The image is only partially supportive of VEXAS syndrome and should be interpreted together with other fields and UBA1 mutation testing.	https://imagebank.hematology.org/image/63590/vexas-syndrome-4?type=upload
63597	partial	Dutcher Bodies in Lymphoplasmacytic Lymphoma 1	Low-power H&E sections show fragments of tissue diffusely replaced by a dense, monotonous infiltrate of small lymphoid-appearing cells with scattered small vessels and eosinophilic stromal elements. Normal architecture is not identifiable in the fields shown. Cytologic details, including plasmacytoid differentiation and intranuclear inclusions, cannot be evaluated at this magnification. In the clinical context, the findings are compatible with involvement by a low-grade B-cell lymphoma such as lymphoplasmacytic lymphoma, but high-power examination, immunohistochemistry (CD20, CD138, kappa/lambda), and MYD88 L265P testing are required.	https://imagebank.hematology.org/image/63597/dutcher-bodies-in-lymphoplasmacytic-lymphoma-1?type=upload
63609	partial	T lymphoblastic leukemia with granulomas	Composite figure of a tissue biopsy. The H&E panel shows a dense infiltrate of hyperchromatic blast-like lymphoid cells admixed with and surrounding aggregates of epithelioid histiocytes forming granulomas. The lymphoid cells are diffusely positive for nuclear TdT and for CD3, indicating an immature T-cell phenotype. In the CD34 panel the endothelium is strongly positive while the neoplastic cells show only weak or equivocal staining, so CD34 positivity described in the legend is not clearly evident in this field. Findings are consistent with T-lymphoblastic leukemia/lymphoma accompanied by an epithelioid granulomatous reaction.	https://imagebank.hematology.org/image/63609/t-lymphoblastic-leukemia-with-granulomas?type=upload
63632	partial	Granulomas and T cell leukemia	Composite figure of a tissue biopsy. The H&E panel shows sheets of small to medium hyperchromatic atypical lymphoid cells surrounding pale eosinophilic aggregates of epithelioid histiocytes forming non-necrotizing granulomas. Immunohistochemistry shows diffuse nuclear TdT and diffuse CD3 staining of the lymphoid infiltrate, establishing an immature T-cell phenotype. The CD34 panel shows strong endothelial staining, with the neoplastic cells largely negative or only faintly stained in this field, so CD34 positivity stated in the legend is not clearly demonstrated. Findings are consistent with T-lymphoblastic leukemia/lymphoma with an associated epithelioid granulomatous reaction.	https://imagebank.hematology.org/image/63632/granulomas-and-t-cell-leukemia?type=upload
63649	partial	Image 3	Four-panel low-power composite of a lymph node core biopsy with unlabeled panels. The upper panels are interpreted as kappa and lambda in situ hybridization, with scant staining in the left panel and abundant positive plasma cells in the right, indicating lambda light chain restriction. The lower panels show Congo red staining of extensive salmon-pink amorphous deposits with cracking artifact and, under polarized light, birefringence of the deposits, although the characteristic apple-green color is not clearly resolved at this magnification and image quality. Findings support a lambda-restricted plasma cell neoplasm with AL amyloid deposition; confirmation of apple-green birefringence on the glass slide and amyloid typing by mass spectrometry are recommended.	https://imagebank.hematology.org/image/63649/image-3?type=upload
63690	partial	Mitosis in a bone marrow aspirate	Bone marrow aspirate smear shows maturing granulocytic precursors including myelocytes, metamyelocytes, and band neutrophils. The arrowed cell has abundant finely granular cytoplasm and discrete condensed chromosomes arranged in a radial rosette around a central clear zone, without a discernible nuclear membrane. This is a mitotic figure; however, the fully discrete chromosomes and rosette arrangement suggest late prophase/prometaphase or an end-on (polar) view of metaphase rather than early prophase as labeled. Findings are consistent with a normal mitotic figure in a granulocytic precursor.	https://imagebank.hematology.org/image/63690/mitosis-in-a-bone-marrow-aspirate?type=upload
63698	partial	Giant lymphomatous cell (in a patient with splenic marginal zone lymphoma	Peripheral blood smear (Leishman) shows increased small lymphoid cells with round nuclei, condensed chromatin, and scant cytoplasm. One larger lymphoid cell has an oval nucleus with bipolar attenuated cytoplasmic tails giving a fusiform shape, and occasional cells show a short polar cytoplasmic projection; distinct villous projections and a clearly giant cell are not well demonstrated in this image. Red cells show diffuse crenation, likely artifactual. In the setting of massive splenomegaly, the findings are compatible with circulating splenic marginal zone lymphoma cells, but fusiform stretching can be produced by smearing and the image alone is not diagnostic; flow cytometry and splenic or marrow histology are required.	https://imagebank.hematology.org/image/63698/giant-lymphomatous-cell-in-a-patient-with-splenic-marginal-zone-lymphoma?type=upload
63746	partial	Lymphoplasmacytic lymphoma - Peripheral blood	Peripheral blood smear, viewed at low magnification in a thin area, shows two small lymphoid cells with condensed chromatin and scant cytoplasm, one of which has a slightly eccentric nucleus suggestive of plasmacytoid differentiation. Red cells are largely separated with central pallor, and definite rouleaux formation is not well demonstrated in this particular field, although it may be evident in thicker areas of the smear. Platelets are numerous and no blasts are seen. The low magnification limits cytologic detail; findings are nonspecific but compatible with circulating lymphoplasmacytic cells in the context of known lymphoplasmacytic lymphoma.	https://imagebank.hematology.org/image/63746/lymphoplasmacytic-lymphoma--peripheral-blood?type=upload
63787	partial	Bone marrow biopsy -granulomatous inflammation	Scanning-power view of a fragmented bone marrow core biopsy shows intertrabecular spaces diffusely occupied by a dense cellular infiltrate with near-complete loss of marrow fat. The cellular composition, the presence of discrete granulomas, and necrosis cannot be assessed at this magnification. Higher-power examination, together with special stains for microorganisms and immunohistochemistry, is required. In this case, higher-power views demonstrated granulomatous inflammation.	https://imagebank.hematology.org/image/63787/bone-marrow-biopsy-granulomatous-inflammation?type=upload
63802	partial	GZL CD-20	Immunohistochemical stain for CD20 shows weak and heterogeneous granular staining in a subset of cells, while many large pleomorphic and multilobated tumor cells are negative or only faintly positive. Strong, uniform membranous positivity across sheets of cells is not seen. This variable CD20 expression, in the context of CD15 and CD30 positivity in the same large cells, supports B-cell lymphoma with features intermediate between DLBCL and classic Hodgkin lymphoma (mediastinal gray zone lymphoma); distinguishing positive small reactive B cells from tumor cells at this resolution is limited.	https://imagebank.hematology.org/image/63802/gzl-cd20?type=upload
63815	partial	Von Willebrand disease with intestinal angiodysplasia	Composite figure. Capsule endoscopy frames show a small bowel lumen filled with fresh blood, which obscures the underlying mucosa. The gross photograph shows an opened segment of small intestine with preserved plicae circulares and multiple dark red hemorrhagic foci and clots on the mucosal surface; no mass lesion is apparent. The images document active small bowel bleeding but cannot by themselves demonstrate the vascular lesion; the reported histology of dilated, congested, irregular thin-walled vascular channels beneath focally eroded mucosa supports intestinal angiodysplasia in a patient with von Willebrand disease.	https://imagebank.hematology.org/image/63815/von-willebrand-disease-with-intestinal-angiodysplasia?type=upload
63816	partial	autoagglutination in a case of auto immune hemolytic anemia	Peripheral blood smear shows markedly increased nucleated red cells, predominantly polychromatic and orthochromatic normoblasts, together with prominent polychromasia, macrocytic reticulocytes and scattered spherocytes. Several small irregular clumps of red cells are present, suggestive of autoagglutination, although agglutination is focal rather than marked in this particular field. Neutrophils appear morphologically unremarkable and platelets are present. In the setting of a strongly positive direct antiglobulin test and reticulocytosis, findings are consistent with autoimmune hemolytic anemia with brisk erythroid regeneration; red cell agglutination with spuriously high MCV and MCHC should prompt evaluation for a cold-reactive autoantibody.	https://imagebank.hematology.org/image/63816/autoagglutination-in-a-case-of-auto-immune-hemolytic-anemia?type=upload
63817	partial	Chronic Myeloid Leukemia with Sanjad Sakati syndrome	Composite figure. Peripheral blood smears show marked leukocytosis composed of granulocytes at all stages of maturation, with conspicuous myelocytes and metamyelocytes, and a basophil at high power; blasts are not increased in the fields shown. These blood findings are consistent with chronic myeloid leukemia in chronic phase, in keeping with the reported t(9;22) BCR::ABL1 detection. The accompanying chest radiograph shows a globular enlarged cardiac silhouette, and the clinical photographs show the patient and a subxiphoid pericardial drain, correlating with the reported pericardial effusion and tamponade during imatinib therapy.	https://imagebank.hematology.org/image/63817/chronic-myeloid-leukemia-with-sanjad-sakati-syndrome?type=upload
63841	partial	Primary cutaneous CD8+ epidermotropic cytotoxic T-cell lymphomas, a rare and dramatic challenge still open	Clinical photographs of the lower leg document disease evolution. Panel A shows multiple scattered erythematous papulonodules with central ulceration and black necrotic crusts; panel B shows progression to a large confluent necrotic, exudative ulcer with eschar; panel C shows healing after chemotherapy with hyperpigmentation and atrophic scarring. These appearances indicate a rapidly progressive ulceronecrotic cutaneous process but are not specific. Diagnosis of primary cutaneous CD8+ aggressive epidermotropic cytotoxic T-cell lymphoma requires biopsy demonstrating pagetoid epidermotropic atypical CD8+ cytotoxic T cells.	https://imagebank.hematology.org/image/63841/primary-cutaneous-cd8-epidermotropic-cytotoxic-tcell-lymphomas-a-rare-and-dramatic-challenge-still-o?type=upload
63891	partial	Severe acute gastrointestinal GVHD in patients undergoing HSCT: an open challenge	Gross photographs show an expelled elongated fragment of intestinal-type tissue, approximately 5 cm per history, that is dark red, edematous and hemorrhagic with irregular excavated edges, lying in bile- and blood-stained fecal material. These appearances indicate extensive mucosal sloughing. The gross image alone cannot establish the cause; in a recent allogeneic HSCT recipient the differential includes severe acute gastrointestinal GVHD and conditioning-related mucositis, and histologic examination for crypt apoptosis, crypt dropout and infection is required.	https://imagebank.hematology.org/image/63891/severe-acute-gastrointestinal-gvhd-in-patients-undergoing-hsct-an-open-challenge?type=upload
63914	partial	Bone marrow biopsy at low power	Bone marrow core biopsy at low power shows bony trabeculae with intervening marrow that contains preserved fat and focal hemorrhage. The hematopoietic areas are occupied by a dense interstitial to sheet-like infiltrate of mononuclear cells, with megakaryocytes not readily appreciated. Cytologic detail is insufficient at this magnification to characterize the infiltrate, and the pattern is not specific. Findings are compatible with marrow involvement by a blastic neoplasm; correlation with high-power morphology and immunohistochemistry (CD4, CD56, CD123, TCL1) is required to support blastic plasmacytoid dendritic cell neoplasm.	https://imagebank.hematology.org/image/63914/bone-marrow-biopsy-at-low-power?type=upload
63954	partial	HLH 2	Bone marrow aspirate smear at high power shows maturing granulocytic elements, including neutrophils, myelocytes and eosinophils, in a background of red cells and smudged cells. A large macrophage in the center has abundant, vacuolated cytoplasm containing pale cellular debris; clearly intact engulfed red cells, platelets or nucleated cells are not identified in this field. Findings indicate activated macrophages with phagocytosed debris, which can be seen in hemophagocytic lymphohistiocytosis but are not specific on their own. Correlation with HLH diagnostic criteria (fever, cytopenias, ferritin, triglycerides, fibrinogen, soluble CD25) is recommended.	https://imagebank.hematology.org/image/63954/hlh-2?type=upload
64006	partial	Leishman Stain 100X ; Howell Jolly bodies , Basophilic stippling , Bite cells, Polychromatophils	Peripheral blood smear (Leishman stain, high power) shows red cells with anisopoikilocytosis and many crenated forms, which may partly reflect drying artifact. A red cell containing a single dense round inclusion consistent with a Howell-Jolly body is present, along with polychromatophilic cells and occasional cells with peripheral bites or eccentric clearing. Fine punctate inclusions are seen in a few cells, but definite basophilic stippling is not clearly resolved at this resolution. In the appropriate drug history, findings are suggestive of oxidative (drug-induced) hemolysis.	https://imagebank.hematology.org/image/64006/leishman-stain-100x--howell-jolly-bodies--basophilic-stippling--bite-cells-polychromatophils?type=upload
64023	partial	Schistocytes	Peripheral blood smear (high power; suboptimal, greyish staining) shows red cells with mild anisocytosis, most of which are oval to elliptical with preserved central pallor. A single helmet-shaped fragment with a straight cut border is present at the upper left, consistent with a schistocyte. Only a few cells are in this field, so the schistocyte proportion cannot be estimated, and the predominance of ovalocytes is not explained by fragmentation. The image supports the presence of a schistocyte, but quantification over multiple fields (ICSH: >1% suggests microangiopathic hemolysis) and correlation with platelet count and hemolysis markers are required.	https://imagebank.hematology.org/image/64023/schistocytes?type=upload
64054	partial	Imprint smear showing blast like lymphoid  cells with prominent nucleloli	Touch imprint smear is cellular and shows a monotonous population of intermediate-to-large atypical lymphoid cells, roughly two to three times the size of an adjacent small lymphocyte. The cells have very high nuclear-to-cytoplasmic ratios, round to slightly irregular nuclear contours and finely dispersed chromatin; nucleoli, although described, are not clearly resolvable in this image because of overstaining and limited focus. No maturing myeloid elements are evident in the field. Findings are consistent with infiltration by blastoid lymphoid cells of a high-grade lymphoma, with correlation to histology and immunophenotyping required.	https://imagebank.hematology.org/image/64054/imprint-smear-showing-blast-like-lymphoid-cells-with-prominent-nucleloli?type=upload
64064	partial	cup shaped blasts with Auer rod	Smear shows a single blast with a high nuclear-to-cytoplasmic ratio, finely dispersed chromatin and a prominent pale cup-shaped nuclear invagination giving a fish-mouth appearance. The surrounding cytoplasm is scant, and a definite Auer rod cannot be confidently identified at this focus and resolution, although a faint linear structure may be present within the invagination. No other nucleated cells are in the field. Findings are consistent with a cup-like blast, a morphology associated with AML with NPM1 mutation and/or FLT3-ITD; molecular testing is required for classification.	https://imagebank.hematology.org/image/64064/cup-shaped-blasts-with-auer-rod?type=upload
64066	partial	Hemophagocytosis and increased bone marrow iron stores	Bone marrow aspirate smear shows a regenerating marrow with maturing granulocytic and erythroid precursors. There are increased macrophages with abundant cytoplasm containing coarse dark greenish-brown to black globular inclusions; some contain small dark bodies suspicious for ingested cellular material, although definite hemophagocytosis of intact cells is not unequivocal in this field. A Prussian blue stain of a marrow particle shows macrophages laden with coarse blue-green iron-positive granules admixed with golden-brown pigment, indicating increased storage iron. Findings are consistent with increased marrow iron stores in post-chemotherapy/transfusion setting with macrophage activation; residual pigmented globules that are not clearly iron-positive could reflect hemosiderin of variable staining or other ingested debris, and clinical correlation is recommended.	https://imagebank.hematology.org/image/64066/hemophagocytosis-and-increased-bone-marrow-iron-stores?type=upload
64097	partial	Metastatic gastric cancer cells 1	Bone marrow aspirate smear shows a hemodilute background with scattered myeloid and erythroid precursors. There is a loose aggregate of large cells with round nuclei, fine chromatin and abundant pale blue cytoplasm with indistinct syncytial borders, as well as a large cell with abundant finely vacuolated cytoplasm; these cells are several times the size of adjacent granulocytes. Cohesion is less pronounced in this field than in classic tumor clusters, and distinction from macrophages or osteoblasts is limited on a single field. In the context of known gastric carcinoma, findings are suggestive of metastatic carcinoma, which should be confirmed on the trephine biopsy with cytokeratin immunohistochemistry.	https://imagebank.hematology.org/image/64097/metastatic-gastric-cancer-cells-1?type=upload
64102	partial	Plasma Cell Myeloma in the Stomach	Gastric polyp biopsy shows the lamina propria diffusely expanded by sheets of plasma cells with eccentric nuclei and focal atypia, including Dutcher bodies, separating residual gastric glands. The infiltrate is positive for CD138 and MUM1 and negative for CD20 and PAX5, with monotypic cytoplasmic light chain expression. Note that the figure legend labels panel C as lambda (negative) and panel D as kappa (positive), which conflicts with the case description stating lambda restriction; the correct light chain should be confirmed against the original report. In a patient with known myeloma, findings are consistent with extramedullary involvement by plasma cell neoplasm.	https://imagebank.hematology.org/image/64102/plasma-cell-myeloma-in-the-stomach?type=upload
64124	partial	Promyelocyte	Peripheral blood smear shows a single medium-to-large immature cell with a high nuclear-to-cytoplasmic ratio, a round nucleus with finely stippled chromatin, and a thin rim of pale cytoplasm. Heavy azurophilic granulation, bilobed nuclear folding, and Auer rods described for this case are not clearly resolved in this image, likely because of focus and resolution. The image alone therefore does not permit confident classification beyond a circulating immature myeloid-appearing cell. If abnormal promyelocytes with Auer rods are confirmed on the film, urgent evaluation for acute promyelocytic leukemia (coagulation studies, PML::RARA testing) is warranted.	https://imagebank.hematology.org/image/64124/promyelocyte?type=upload
64150	partial	Plasmodium vivax gametocytes	Peripheral blood smear shows red cells with prominent crenation artifact and scattered platelets. One enlarged, pale red cell contains dispersed fine brown granules and a small eccentric chromatin dot, compatible with a Plasmodium vivax-infected erythrocyte; the enlargement of the host cell and stippling favor P. vivax over P. falciparum. Because of the pale staining, a mature gametocyte (round parasite filling the cell with a single compact chromatin mass and dispersed pigment) cannot be confidently distinguished from a developing trophozoite in this field. Findings are suggestive of P. vivax malaria; correlation with a thick film and a well-stained thin film is recommended.	https://imagebank.hematology.org/image/64150/plasmodium-vivax-gametocytes?type=upload
64162	partial	Panel A, 10X: Focal area of epithelioid cells in bone marrow core biopsy	Low-power H&E section of the bone marrow core biopsy shows a bony trabecula with adjacent marrow composed of adipose tissue and trilineage-appearing hematopoietic elements, with scattered megakaryocytes and focal hemorrhage. Areas in the right half of the field contain paler, larger cells, but a discrete focus of epithelioid cells is not sharply defined at this magnification. High-power examination and immunohistochemistry (CD163 positive, CD34 negative, dot-like AE1/AE3) are needed to characterize the epithelioid population.	https://imagebank.hematology.org/image/64162/panel-a-10x-focal-area-of-epithelioid-cells-in-bone-marrow-core-biopsy?type=upload
64163	partial	Panel-B, 40X, Cells are large with large pleomorphic nucleus, abundant clear to pink cytoplasm and inconspicuous nucleoli	High-power view of an H&E-stained bone marrow core biopsy shows a hypercellular marrow with maturing erythroid and myeloid elements and abundant hemosiderin-laden macrophages. Interspersed are large epithelioid cells with pleomorphic vesicular nuclei, inconspicuous nucleoli, and pale to pink cytoplasm, which form a loose focal aggregate rather than cohesive glands. On H&E alone these cells raise concern for metastatic carcinoma; however, in this case they showed only dot-like cytoplasmic keratin staining with membranous CD163 positivity, supporting an epithelioid histiocytic aggregate in a marrow with MDS. The epithelioid focus is not sharply delineated at this magnification, so correlation with the lower-power and immunostained panels is required.	https://imagebank.hematology.org/image/64163/panelb-40x-cells-are-large-with-large-pleomorphic-nucleus-abundant-clear-to-pink-cytoplasm-and-incon?type=upload
64190	partial	Chediak-Higashi syndrome- Platelet	Peripheral blood smear shows an enlarged platelet with an irregular outline and coarse, dense purple granules, alongside a few normal-sized platelets. Red cells are overlapping in this thicker area of the film with occasional crenated forms. No leukocytes are present in the field for assessment of giant cytoplasmic granules. This platelet finding is nonspecific on its own; in the setting of Chediak-Higashi syndrome it is compatible with the reported hypergranulated platelets, although the platelet dense-granule deficiency underlying the bleeding tendency is not visible by light microscopy.	https://imagebank.hematology.org/image/64190/chediakhigashi-syndrome-platelet?type=upload
64273	partial	Trephine biopsy	Low-power immunohistochemical stain of a bone marrow trephine biopsy (antibody not specified) shows a hypercellular marrow with diffuse sheets of immature cells that are negative. Only scattered interstitial cells with irregular to dendritic shapes, and a few larger cells, show brown cytoplasmic/membranous staining, suggesting a residual non-neoplastic population such as macrophages, myeloid cells or megakaryocytes. Because the antigen is not identified, specific interpretation is limited; in the context of pure erythroid leukemia, the neoplastic infiltrate would be expected to be negative for myeloid/megakaryocytic markers and positive for E-cadherin, CD71 and glycophorin/hemoglobin.	https://imagebank.hematology.org/image/64273/trephine-biopsy?type=upload
64293	partial	Platelets satellitism	Peripheral blood smear shows a cluster of approximately seven mature neutrophils in tight apposition. Numerous platelets are adherent to the neutrophil membranes around the perimeter of the cluster and in the spaces between cells, while few free platelets are present in the surrounding field. The neutrophils themselves show normal nuclear segmentation without toxic change. Findings are consistent with EDTA-associated platelet satellitism, here accompanied by neutrophil aggregation, which can cause spurious thrombocytopenia; a platelet count on a citrate-anticoagulated sample is recommended.	https://imagebank.hematology.org/image/64293/platelets-satellitism?type=upload
64357	partial	Reactive clumping	Peripheral blood smear shows two small loose aggregates of platelets, consistent with platelet clumping, which can cause spurious thrombocytopenia on automated counts. The field is dominated by irregular, branching clumps of red cells resembling agglutination, with numerous small dark punctate bodies overlying the red cells and scattered stain precipitate; these dots cannot be characterized reliably and may be artifactual. No leukocytes are present in this field. Findings show platelet clumping as described, but the prominent red cell clumping suggests additional red cell agglutination (for example, cold agglutinins) or a thick, poorly spread area, and correlation with a repeat smear is advised.	https://imagebank.hematology.org/image/64357/reactive-clumping?type=upload
64386	partial	Gaucher cell	Bone marrow aspirate smear shows a large histiocytic cell (arrow) with abundant pale lilac-gray cytoplasm containing numerous fine vacuoles and a poorly defined nucleus, surrounded by erythroid precursors, lymphocytes and granulocytic cells. The classic crumpled tissue-paper fibrillary cytoplasm of a Gaucher cell is not clearly demonstrated, and the image is out of focus. Findings suggest a storage-type histiocyte; in the stated clinical context this may represent a Gaucher cell, with confirmation by glucocerebrosidase enzyme assay and/or GBA1 genotyping.	https://imagebank.hematology.org/image/64386/gaucher-cell?type=upload
64405	partial	Gaucher's disease	Bone marrow aspirate smears show intact trilineage hematopoiesis with readily identified megakaryocytes. The upper panel contains a large histiocytic cell with a small eccentric nucleus and abundant pale, finely vacuolated to fibrillary cytoplasm, and nearby pale storage-type cytoplasm; the characteristic wrinkled tissue-paper appearance of Gaucher cells is not sharply resolved due to focus and image quality. Findings are suggestive of a storage histiocyte in the appropriate clinical context of Gaucher disease; confirmation requires glucocerebrosidase enzyme assay and/or GBA1 genotyping.	https://imagebank.hematology.org/image/64405/gauchers-disease?type=upload
64458	partial	Hodgkin Cell	Smear shows a single very large mononuclear cell with deeply basophilic, finely vacuolated cytoplasm, set among maturing granulocytes and a small lymphocyte. The nucleus appears large but its chromatin detail and nucleoli are obscured by the overlying cytoplasmic vacuoles, so the characteristic inclusion-like macronucleolus of a Hodgkin cell cannot be confirmed on this image alone. In the appropriate clinical and histologic context this could represent a mononuclear Hodgkin cell; however, a vacuolated large cell of other lineage cannot be excluded morphologically, and correlation with biopsy and CD30/CD15/PAX5 immunostaining is recommended.	https://imagebank.hematology.org/image/64458/hodgkin-cell?type=upload
64459	partial	Reed-Sternberg Cell	Smear shows a large binucleate cell with two round, similarly sized nuclei arranged in a mirror-image configuration, finely dispersed chromatin and a moderate amount of grey-blue cytoplasm with irregular borders. Distinct eosinophilic macronucleoli are not well visualized at this focus. Surrounding cells include an erythroid precursor and small lymphocytes. The cell has the configuration of a Reed-Sternberg cell and, in a patient with classic Hodgkin lymphoma, is suggestive of marrow involvement; however, binucleate cells of other lineages can appear similar on smears, and confirmation on trephine biopsy with CD30/CD15/PAX5 immunostaining is recommended.	https://imagebank.hematology.org/image/64459/reedsternberg-cell?type=upload
64462	partial	Hypergranulated Acute Promyelocytic Leukemia	Bone marrow aspirate smear (composite of six fields) shows clusters of large immature myeloid cells with round to slightly irregular nuclei, fine chromatin, occasional nucleoli, and basophilic cytoplasm containing fine azurophilic granules that partly overlie the nucleus, consistent with abnormal promyelocytes. However, the cytoplasm is not densely packed with coarse granules, and bilobed nuclei, Auer rod bundles, and faggot cells are not evident in these fields; image focus also limits evaluation. The morphology is therefore only partly representative of classic hypergranular APL, and confirmation by PML::RARA FISH or RT-PCR (and strongly MPO-positive, CD34/HLA-DR-negative immunophenotype) is essential. Findings are suggestive of acute promyelocytic leukemia in the appropriate clinical context.	https://imagebank.hematology.org/image/64462/hypergranulated-acute-promyelocytic-leukemia?type=upload
64545	partial	Goblet Cells	Nasal smear stained with a Romanowsky-type stain shows scattered epithelial cells in a mucoid, granular background. The cells have a single round nucleus with speckled chromatin and pale, faintly foamy blue cytoplasm; in one cell the nucleus is displaced toward one pole. A classic chalice shape with a distended apical mucin vacuole is not clearly demonstrated at this resolution. Findings are compatible with, but not diagnostic of, goblet cells of respiratory mucosa.	https://imagebank.hematology.org/image/64545/goblet-cells?type=upload
64557	partial	Lamellar bodies 1	Gross photograph shows bronchoalveolar lavage fluid in a test tube with a thick, white, foamy pellicle floating on the surface over a relatively clear to faintly opalescent fluid, with minimal sediment and no hemorrhagic or purulent appearance. This gross appearance reflects high surfactant/lipoproteinaceous content. Microscopic structures such as lamellar bodies cannot be evaluated on this image; correlation with the cytologic smear (PAS-positive granular material, foamy macrophages) is needed. Findings are suggestive of pulmonary alveolar proteinosis in the appropriate context.	https://imagebank.hematology.org/image/64557/lamellar-bodies-1?type=upload
64586	partial	Hemoglobin C Crystals	Peripheral blood smear shows numerous target cells with folded and irregularly contracted red cells. Scattered red cells contain dense, homogeneous, rectangular to rhomboid crystals with straight, parallel edges (arrows), consistent with hemoglobin C crystals. Occasional elongated forms with more tapered ends resembling sickle or boat-shaped cells are also present; the coexistence of HbC-type crystals and sickle-like forms raises the possibility of compound hemoglobin SC disease rather than homozygous HbC disease. Findings are consistent with a hemoglobin C-containing hemoglobinopathy; hemoglobin electrophoresis/HPLC is required to define the genotype.	https://imagebank.hematology.org/image/64586/hemoglobin-c-crystals?type=upload
64600	partial	lymphocyte ingulfing bacteria 5	The smear shows a sparsely cellular, pale background with numerous extracellular short, plump rod-shaped bacteria and no red blood cells. A single leukocyte with a dense, eccentrically compressed crescentic nucleus contains several intracytoplasmic bacilli within pale vacuolated cytoplasm. The dense compacted nucleus and phagocytic activity favor a degenerating phagocyte (neutrophil or monocyte) over a true lymphocyte, as lymphocytes are not professionally phagocytic; exact lineage cannot be established on this single cell. Findings are consistent with bacterial infection with intracellular organisms (gram-negative bacilli such as Klebsiella/Pseudomonas per the case context); Gram stain and culture are required for identification.	https://imagebank.hematology.org/image/64600/lymphocyte-ingulfing-bacteria-5?type=upload
64601	partial	CSF Pseudomonas aeruginosa and Enterobacter cloacae	Cytocentrifuge preparation of cerebrospinal fluid shows a cluster and scattered single short, straight bacilli with rounded ends, staining blue with a Romanowsky-type stain. No inflammatory cells are present in this field, and Gram reaction cannot be determined from this stain. The findings indicate bacterial organisms (bacilli) in the CSF, suggestive of bacterial meningitis or contamination; morphology cannot distinguish Pseudomonas aeruginosa from Enterobacter cloacae or other gram-negative rods, and identification requires Gram stain and culture with susceptibility testing.	https://imagebank.hematology.org/image/64601/csf-pseudomonas-aeruginosa-and-enterobacter-cloacae?type=upload
64941	partial	Multiple bluish globules indicative of cryoglobulinemia visible at the tail end of the smear.	Bone marrow aspirate smear shows a cluster of mature plasma cells with eccentric nuclei, clock-face chromatin and basophilic cytoplasm, admixed with small lymphocytes and plasmacytoid lymphocytes, with occasional granulocytic cells. The background contains pale, tan-to-pale-blue amorphous globular extracellular deposits. The image depicts a marrow aspirate rather than the tail of a peripheral smear stated in the title, so the match is partial. In the context of lymphoplasmacytic lymphoma, the lymphoplasmacytic infiltrate with amorphous background deposits is suggestive of cryoglobulin precipitation; flow cytometry, MYD88 L265P testing and serum studies are needed for confirmation.	https://imagebank.hematology.org/image/64941/multiple-bluish-globules-indicative-of-cryoglobulinemia-visible-at-the-tail-end-of-the-smear?type=upload
64953	partial	Plasma cell myeloma	Composite of Wright-stained fields shows numerous plasma cells with eccentric nuclei, deeply basophilic cytoplasm and perinuclear clearing, including large, binucleate and multinucleate forms, some with finer chromatin and nucleoli, and occasional small clusters. The background contains abundant granulocytic precursors at various stages of maturation, which is more in keeping with a bone marrow aspirate than the peripheral blood smear stated in the title. Definite rouleaux formation is not clearly demonstrated in these fields, as red cells are mainly overlapping in thick areas. Findings are consistent with plasma cell myeloma; if this is peripheral blood, the circulating plasma cell burden would raise concern for plasma cell leukemia.	https://imagebank.hematology.org/image/64953/plasma-cell-myeloma?type=upload
64994	partial	Renal biopsy involved by follicular lymphoma, intermediate-power	H&E-stained renal biopsy at intermediate power shows effacement of the renal parenchyma by a dense, diffuse infiltrate of small lymphoid cells with scant cytoplasm, with only residual interspersed blood vessels and no clearly preserved tubules or glomeruli. A follicular growth pattern is not evident in this field, and image quality limits assessment of centrocytes versus centroblasts. The infiltrate is monotonous without a prominent mixed inflammatory component. Findings are consistent with renal involvement by a low-grade B-cell lymphoma; immunohistochemistry (CD20, CD10, BCL6, BCL2) is needed to support follicular lymphoma.	https://imagebank.hematology.org/image/64994/renal-biopsy-involved-by-follicular-lymphoma-intermediatepower?type=upload
65012	partial	Blasts in Acute Promyelocytic Leukemia	Peripheral blood smear shows scattered medium-to-large immature myeloid cells with high nuclear-to-cytoplasmic ratio, finely dispersed chromatin and granular cytoplasm with irregular borders. Nucleoli and Auer rods cannot be confidently resolved at this magnification and resolution. Background red cells show target cells and minor poikilocytosis, and platelets appear decreased. In a patient with acute promyelocytic leukemia under treatment (e.g., ATRA/arsenic), the findings are compatible with circulating abnormal blasts/promyelocytes with therapy-related changes; the Auer rod described cannot be verified in this image.	https://imagebank.hematology.org/image/65012/blasts-in-acute-promyelocytic-leukemia?type=upload
65018	partial	Sezary Cell 2	Peripheral blood smear at high power shows two atypical lymphoid cells of medium size with scant cytoplasm and dense chromatin. The nuclei are markedly convoluted and lobulated, with a petal-like multilobated nucleus in the upper cell and a cleaved clover-like nucleus in the lower cell; fine cerebriform grooves are not clearly resolved at this resolution. No nucleoli or cytoplasmic granules are seen. In a patient with mycosis fungoides, these convoluted lymphocytes are consistent with circulating Sezary cells, although the coarse lobation resembles ATLL flower cells, and flow cytometry (CD4+, CD7-, CD26-) is needed to quantify the clone.	https://imagebank.hematology.org/image/65018/sezary-cell-2?type=upload
65020	partial	Lytic bone lesions with sclerosed margins 1	Frontal radiograph of the right distal femur and knee, photographed from a display screen, shows subtle mottled lucency within the distal femoral shaft and metaphysis. Because of moire artifact and low contrast, the size, number and margins of any lytic lesions, including the reported sclerotic rims, cannot be reliably assessed on this image. No obvious pathologic fracture or aggressive periosteal reaction is seen. The image is only partially supportive of the reported lytic lesions and should be interpreted together with better-quality views; in the clinical context, the findings would be compatible with skeletal Langerhans cell histiocytosis.	https://imagebank.hematology.org/image/65020/lytic-bone-lesions-with-sclerosed-margins-1?type=upload
65058	partial	Secondary Hemophagocytic Lymphohistiocytosis in a Case of Pulmonary Adenocarcinoma with Multiple Metastases and Concurrent Infection 1	Bone marrow aspirate smear shows a large multinucleated cell containing three oval nuclei with fine chromatin and abundant pale, finely vacuolated cytoplasm, set in a background of small mononuclear hematopoietic cells. No clearly engulfed hematopoietic elements are identified within this cell at this focal plane, so hemophagocytosis cannot be confirmed from this image alone. The cell may represent an activated multinucleated histiocyte or a metastatic tumor cell; correlation with the other fields of this case, which show hemophagocytes and metastatic adenocarcinoma, is required. Findings are suggestive of, but not diagnostic for, secondary hemophagocytic lymphohistiocytosis.	https://imagebank.hematology.org/image/65058/secondary-hemophagocytic-lymphohistiocytosis-in-a-case-of-pulmonary-adenocarcinoma-with-multiple-met?type=upload
65076	partial	Richter transformation, DLBCL cell with erythrophagocytosis	The May-Grunwald-Giemsa-stained smear shows a small cluster of large atypical mononuclear cells with eccentric nuclei, dispersed chromatin and abundant deeply basophilic cytoplasm, in a background of mature neutrophils, small lymphocytes and platelets. Red cells lie closely adjacent to the large cells, but unequivocal intracytoplasmic erythrophagocytosis cannot be confirmed at this image resolution. In the clinical context of CLL, the large basophilic cells are suggestive of large B-cell lymphoma (Richter transformation); tissue biopsy and immunophenotyping are required for confirmation.	https://imagebank.hematology.org/image/65076/richter-transformation-dlbcl-cell-with-erythrophagocytosis?type=upload
65077	partial	Richter transformation, DLBCL cells with erythrophagocytosis  2	H&E-stained section including a bone trabecula shows the marrow space replaced by a diffuse infiltrate of large atypical cells with vesicular nuclei, prominent nucleoli and moderate cytoplasm, admixed with spindle-shaped stromal cells in a fibrotic background. The arrowed cell contains a small round intracytoplasmic body that may represent an engulfed red cell, although erythrophagocytosis is difficult to confirm at this magnification. Normal trilineage hematopoiesis is not evident in this field. In a patient with CLL, findings are suggestive of involvement by diffuse large B-cell lymphoma (Richter transformation), to be confirmed by immunohistochemistry.	https://imagebank.hematology.org/image/65077/richter-transformation-dlbcl-cells-with-erythrophagocytosis-2?type=upload
65078	partial	Burkitt Lymphoma	Smear preparation (composite of several fields) shows medium-sized, monomorphic lymphoid cells with round nuclei, finely stippled chromatin, inconspicuous nucleoli and scant deeply basophilic cytoplasm containing numerous sharply defined clear vacuoles. The cells occur singly and in small groups against a background of red cells; the specimen appears to be blood or a dilute aspirate. The starry sky pattern mentioned in the case description is a tissue-section finding and cannot be seen on this smear. The cytologic features are consistent with Burkitt lymphoma/leukemia, which requires confirmation by flow cytometry (CD10+, BCL6+, BCL2-, surface light chain restricted, Ki-67 near 100% on tissue) and demonstration of MYC rearrangement.	https://imagebank.hematology.org/image/65078/burkitt-lymphoma?type=upload
65084	partial	Idiopathic Multicentric Castleman Disease- Lollipop	Low-power view of the lymph node shows preserved architecture with multiple follicles of varying size, some with small germinal centers surrounded by expanded, concentrically layered mantle zones. Prominent vessels traverse the interfollicular region and approach the follicles, with increased interfollicular vascularity. Vessels radially penetrating germinal centers (lollipop follicles) are suggested but not clearly resolved at this magnification. The findings are compatible with Castleman disease-type morphology in the appropriate clinical setting.	https://imagebank.hematology.org/image/65084/idiopathic-multicentric-castleman-disease-lollipop?type=upload
65098	partial	TAFRO- CD138	CD138 immunohistochemistry on the lymph node at low power highlights scattered plasma cells distributed diffusely through the interfollicular areas, without sheets or nodular aggregates. The small, regressed-appearing follicles are CD138 negative. Interpreting plasma cell density at this magnification is subjective; in this field the plasma cells appear moderate in number rather than sheet-like, the pattern expected in TAFRO-type idiopathic multicentric Castleman disease as opposed to the plasmacytic subtype. Light chain ISH/IHC should be reviewed to exclude a clonal plasma cell process.	https://imagebank.hematology.org/image/65098/tafro-cd138?type=upload
65106	partial	HHV8 Positive MCD- Kappa IHC	Lymph node section immunostained for kappa light chain shows considerable diffuse background staining, including the follicular dendritic cell meshwork of concentrically arranged follicles. No distinct strongly kappa-positive large cells are identified in and around the follicles, where lambda-positive plasmablasts were seen, whereas a band of kappa-positive mature plasma cells is present in one interfollicular area and scattered positive cells occur elsewhere. The title's statement that plasma cells are kappa-negative is therefore only partly reflected, as a subset of interfollicular plasma cells is kappa-positive and the background limits interpretation. Taken with the lambda stain, findings support lambda-predominant follicle-associated plasmablasts, consistent with HHV8-associated multicentric Castleman disease; kappa/lambda ISH would give cleaner assessment.	https://imagebank.hematology.org/image/65106/hhv8-positive-mcd-kappa-ihc?type=upload
65111	partial	Refractory Anemia with Ring Sideroblasts	Bone marrow aspirate smear shows erythroid precursors with dysplastic features, including binucleated and nuclear-budding erythroblasts, megaloblastoid nuclear-cytoplasmic asynchrony and irregular, frayed cytoplasm, with occasional coarse cytoplasmic granules. Granulocytic cells present in the fields are not specifically assessable for dysplasia. Ring sideroblasts cannot be evaluated on this Giemsa-stained preparation; the reported Prussian blue stain showing 70% ring sideroblasts, together with refractory macrocytic anemia, supports myelodysplastic syndrome with ring sideroblasts (SF3B1 testing recommended).	https://imagebank.hematology.org/image/65111/refractory-anemia-with-ring-sideroblasts?type=upload
65231	partial	PLASMA CELL LEUKEMIA 1	Photomicrograph taken through the eyepiece shows a densely cellular smear dominated by atypical mononuclear cells with few intervening red cells. The cells vary from medium to very large, with moderate grey-blue cytoplasm and round, indented or lobulated nuclei with finely dispersed chromatin, giving an immature, plasmablastic appearance; classic plasma cell features such as eccentric nuclei with clockface chromatin and a perinuclear hof are not reliably seen. Background refractile droplets are likely artifactual. Morphology alone is nonspecific at this resolution, but with the reported CD38+/CD138+ kappa-restricted phenotype the findings support plasma cell leukemia secondary to myeloma.	https://imagebank.hematology.org/image/65231/plasma-cell-leukemia-1?type=upload
65232	partial	PLASMA CELL LEUKEMIA 2	Photomicrograph taken through the eyepiece shows a densely cellular smear composed of monotonous medium-sized mononuclear cells with few red cells. The cells have scant pale cytoplasm and reniform, indented or lobulated nuclei with finely granular chromatin; conventional plasma cell features such as eccentric nuclei and a perinuclear hof are not appreciated. Background refractile droplets are likely artifactual and image resolution is limited. The morphology is nonspecific, but together with the reported CD38+/CD138+ kappa-restricted phenotype, it supports plasma cell leukemia with atypical lobulated nuclei.	https://imagebank.hematology.org/image/65232/plasma-cell-leukemia-2?type=upload
65399	partial	Plasma cell myeloma 1	Composite images show Romanowsky-stained bone marrow aspirate smears rather than histologic biopsy sections. There is a marked increase in plasma cells with eccentric nuclei, perinuclear hof and basophilic cytoplasm, many present in clusters. Atypical features include binucleated and multinucleated forms and cells with less condensed chromatin and nucleoli, admixed with residual erythroid and granulocytic precursors. Findings are consistent with plasma cell myeloma; the specimen type differs from the title's 'biopsy' designation, and clonality should be confirmed by CD138 with kappa/lambda studies.	https://imagebank.hematology.org/image/65399/plasma-cell-myeloma-1?type=upload
65400	partial	Plasma cell myeloma 2	Composite images show Romanowsky-stained bone marrow aspirate smears rather than histologic biopsy sections. Cellular particles and trails contain numerous plasma cells with eccentric nuclei, coarse chromatin and pale to moderately basophilic cytoplasm with a perinuclear hof, including enlarged forms with more open chromatin. Residual erythroid precursors, lymphocytes and fat spaces are present. Findings are consistent with plasma cell myeloma; note the specimen type does not match the 'biopsy' description.	https://imagebank.hematology.org/image/65400/plasma-cell-myeloma-2?type=upload
65401	partial	Plasma cell myeloma 3	Composite images show Romanowsky-stained bone marrow aspirate smears rather than histologic biopsy sections. Numerous plasma cells are present, many enlarged with abundant basophilic cytoplasm, eccentric nuclei, perinuclear hof and relatively open chromatin, including binucleated forms. Residual erythroid precursors, granulocytes and lymphocytes are admixed. Findings are consistent with plasma cell myeloma; the specimen type differs from the 'biopsy' description, and CD138 with kappa/lambda studies on the core are recommended for quantification and clonality.	https://imagebank.hematology.org/image/65401/plasma-cell-myeloma-3?type=upload
65438	partial	Pseudo Auer rods in Splenic marginal zone lymphoma. 2	Bone marrow trephine biopsy shows cellular marrow with preserved trilineage hematopoiesis on H&E, in which a lymphoid infiltrate is not readily apparent. Immunohistochemistry for CD20 highlights an infiltrate of small B cells arranged in linear, intrasinusoidal chains, and these cells co-express BCL2 and IgD. The cytoplasmic Auer rod-like inclusions named in the title are not assessable in this biopsy image and are seen only on the smears. Findings are consistent with involvement by splenic marginal zone lymphoma with a predominantly intrasinusoidal pattern.	https://imagebank.hematology.org/image/65438/pseudo-auer-rods-in-splenic-marginal-zone-lymphoma-2?type=upload
65648	partial	EBV-related Lymphoproliferative Disorder in Bone Trephine, Figure 3	Bone marrow trephine section stained for EBV shows scattered large cells with strong, dense brown staining, while the background hematopoietic and small lymphoid cells are negative. The positive cells are markedly larger than surrounding cells and some have lobulated outlines. The staining fills the whole cell rather than showing a discrete nuclear signal, and the size and shape of some positive cells overlap with megakaryocytes, so correlation with the H&E and a nuclear EBER in situ hybridization is advisable. In the reported context of large atypical cells on the aspirate, findings support EBV infection of large atypical cells, consistent with an EBV-associated lymphoproliferative disorder.	https://imagebank.hematology.org/image/65648/ebvrelated-lymphoproliferative-disorder-in-bone-trephine-figure-3?type=upload
65672	partial	Abnormal Mitosis in Myelodysplastic Syndrome (MDS)	Marrow aspirate smear shows granulocytic precursors at myelocyte and metamyelocyte stages. Several cells show mitotic activity, including a large cell with two separated, irregular, condensed chromatin masses in an anaphase/telophase-like configuration, and another cell with two condensed chromatin clumps. The chromatin masses appear ragged and asymmetric, but multipolar spindles cannot be confidently resolved at this image quality. Isolated mitoses are not specific; atypical mitotic figures together with multilineage dysplasia and cytopenias are suggestive of, but not diagnostic for, a myelodysplastic neoplasm, which requires blast count, dysplasia quantitation, and cytogenetic/molecular correlation.	https://imagebank.hematology.org/image/65672/abnormal-mitosis-in-myelodysplastic-syndrome-mds?type=upload
65712	partial	Blasts in AML	Peripheral blood (or aspirate) smear shows three medium to large blasts with high nuclear-to-cytoplasmic ratio, round to slightly irregular nuclei with fine dispersed chromatin and faint nucleoli, and scant to moderate pale blue cytoplasm. Definite Auer rods, which would confirm myeloid lineage, are not convincingly seen at this resolution, although the caption reports them. Morphology alone is therefore suggestive of acute leukemia with blasts compatible with myeloblasts, and lineage assignment requires MPO cytochemistry or flow cytometry.	https://imagebank.hematology.org/image/65712/blasts-in-aml?type=upload
65771	partial	Extramedullary relapse of acute promyelocytic leukemia in cerebrospinal fluid 1	Cytospin preparation of cerebrospinal fluid at low magnification shows marked hypercellularity composed of numerous medium-to-large atypical mononuclear cells with round to irregular nuclei and moderate pale cytoplasm, admixed with red cells and occasional small lymphocytes. The diagnostic high-power features of abnormal promyelocytes, including coarse primary granules, Auer rods and bilobed nuclei, cannot be assessed at this magnification. Findings indicate CSF involvement by an acute leukemia and, in the documented clinical context with high-power confirmation, are consistent with extramedullary relapse of acute promyelocytic leukemia; PML::RARA testing of the CSF cells can confirm.	https://imagebank.hematology.org/image/65771/extramedullary-relapse-of-acute-promyelocytic-leukemia-in-cerebrospinal-fluid-1?type=upload
65835	partial	Barr body 2	Peripheral blood smear shows a single segmented neutrophil with three to four lobes, clumped chromatin and finely granular cytoplasm, set in a background of normocytic red cells, scattered platelets and fine stain precipitate. The title indicates a Barr body (drumstick), a small round chromatin appendage attached to a nuclear lobe by a thin strand, but a definite drumstick cannot be distinguished from overlapping lobes at this resolution. The image is therefore only partially illustrative; drumsticks are a normal finding in female neutrophils (inactivated X chromosome) and have no pathological significance.	https://imagebank.hematology.org/image/65835/barr-body-2?type=upload
65900	partial	Sheet of Plasmacells with binuclear Plasmacells	Bone marrow aspirate smear shows a large central clear space, likely a fat vacuole or bubble with fibrin strands, surrounded by crowded plasmacytoid cells with eccentric round nuclei, coarse chromatin and abundant gray-blue cytoplasm. The image is substantially out of focus, so binucleate plasma cells cited in the title cannot be confidently identified, and nucleoli cannot be assessed. The density of plasma cells in the surrounding cellular areas supports a plasma cell proliferation, but quantification on a well-spread area and clonality studies are required before a diagnosis of plasma cell neoplasm.	https://imagebank.hematology.org/image/65900/sheet-of-plasmacells-with-binuclear-plasmacells?type=upload
65921	partial	Developmental stages of Plasmodium vivax 3	Thin peripheral blood smear shows two intraerythrocytic malaria parasites at the schizont stage, one containing approximately eight discrete chromatin dots in blue cytoplasm and the other a mature schizont densely filled with merozoites. The infected red cells do not appear enlarged relative to surrounding erythrocytes, and Schüffner stippling is not evident; background red cells show crenation artifact. Because the classic P. vivax features of host-cell enlargement, stippling and 12-24 merozoites cannot be confirmed in this field, species assignment should rely on the full smear, other stages and PCR or antigen testing. Findings are consistent with malarial schizonts, compatible with but not specific for Plasmodium vivax.	https://imagebank.hematology.org/image/65921/developmental-stages-of-plasmodium-vivax-3?type=upload
65931	partial	Klebsiella pneumoniae in periferal blood smear of immunocompromised patient 1	Peripheral blood smear shows normocytic red cells with occasional crenated forms and scattered platelets. Two extracellular clusters of short, plump, uniformly sized rod-shaped bacteria are present, some in pairs and short chains, associated with pale pink amorphous material. No leukocytes, and therefore no phagocytosed organisms, are present in this field. Findings indicate circulating bacilli, suggestive of high-grade bacteremia in an immunocompromised patient; species identification (Klebsiella pneumoniae per history) requires blood culture, and contamination or delayed processing should be excluded.	https://imagebank.hematology.org/image/65931/klebsiella-pneumoniae-in-periferal-blood-smear-of-immunocompromised-patient-1?type=upload
65973	partial	Atypical Chronic Lymphocytic Leukemia Cells With Auer Rods-like Inclusions	Peripheral blood smear shows an absolute lymphocytosis composed predominantly of intermediate-sized lymphoid cells with clumped chromatin and moderate pale cytoplasm, including increased prolymphocytoid forms. Cytoplasmic Auer rod-like inclusions described in these cells are not clearly resolvable at this image resolution, but the lymphoid cells are negative for myeloperoxidase, with a neighboring granulocyte serving as a positive internal control. Flow cytometry shows a B-cell population with kappa light chain restriction and no increase in CD34-positive blasts. Findings are consistent with an atypical CLL/low-grade B-cell lymphoproliferative disorder with MPO-negative Auer rod-like inclusions, not acute myeloid leukemia.	https://imagebank.hematology.org/image/65973/atypical-chronic-lymphocytic-leukemia-cells-with-auer-rodslike-inclusions?type=upload
66084	partial	Auer rod in AML	Peripheral blood smear shows a single large blast (arrow) nestled among a cluster of red cells. The blast has a high nuclear-to-cytoplasmic ratio, finely dispersed chromatin, multiple pale nucleoli and a thin rim of basophilic cytoplasm. An Auer rod, as stated in the title, cannot be convincingly identified at this image resolution. Findings are consistent with a circulating blast; lineage assignment as myeloid would rest on a visible Auer rod, MPO cytochemistry or flow cytometry.	https://imagebank.hematology.org/image/66084/auer-rod-in-aml?type=upload
66094	partial	Eosinophiluria	Cytocentrifuged urine sediment (Wright-Giemsa, oil immersion) shows numerous granulocytes, several of which have bilobed nuclei and coarse orange-red cytoplasmic granules consistent with eosinophils. Many of the remaining cells are degenerated, with smudged nuclei and poorly preserved granules, so the eosinophil fraction cannot be reliably quantified from this image, and focus is limited. The presence of urinary eosinophils is compatible with eosinophiluria, which may be seen in acute interstitial nephritis among other renal and urinary tract inflammatory conditions, although it is neither sensitive nor specific.	https://imagebank.hematology.org/image/66094/eosinophiluria?type=upload
66116	partial	Image 1. Chronic myeloid leukemia with Roth spot	Color fundus photograph of the left eye shows a single well-circumscribed intraretinal hemorrhage superotemporal to the optic disc, adjacent to the superior vascular arcade, with a faint pale rim along its upper edge. A definite central white fibrin-platelet core is not clearly resolved in this enhanced image, and no additional hemorrhages, cotton-wool spots or disc edema are evident; the central whitish patch is a light reflex artifact. The title describes chronic myeloid leukemia while the case is filed under CMML, and the ocular finding itself does not distinguish these entities. In a patient with leukemia, the hemorrhage is compatible with a Roth spot, reflecting anemia, thrombocytopenia and/or leukostasis.	https://imagebank.hematology.org/image/66116/image-1-chronic-myeloid-leukemia-with-roth-spot?type=upload
66138	partial	CML(2)	Peripheral blood smear shows marked leukocytosis composed of granulocytes at all stages of maturation, including early precursors, myelocytes, metamyelocytes, band and segmented neutrophils, with an accompanying basophil. The upper arrowed cell is a large immature granulocyte with an oval nucleus, relatively fine chromatin and moderately abundant basophilic cytoplasm containing azurophilic granules; its granularity favors a promyelocyte (or a granular blast) over an agranular myeloblast. The lower arrowed cell is a myelocyte with an eccentric nucleus, condensed chromatin and pink secondary granulation. Findings are consistent with chronic myeloid leukemia; blast and basophil percentages should be enumerated by manual differential.	https://imagebank.hematology.org/image/66138/cml2?type=upload
66158	partial	Gaucher's Disease: Aspirate 1	Bone marrow aspirate smear shows a cohesive-appearing aggregate of cells with small, round, eccentric nuclei and moderate to abundant cytoplasm. Between the nuclei there are pale blue-white cytoplasmic areas with fine striations and small vacuoles, and a central cell shows pink-purple fibrillar cytoplasm, features that suggest lipid-storage histiocytes. The characteristic crumpled 'wrinkled tissue paper' cytoplasm is only focally suggested, and individual cell borders are hard to resolve, so the morphology is not diagnostic on its own. In the given clinical context, findings are suggestive of Gaucher cells; confirmation by glucocerebrosidase enzyme assay or GBA1 genotyping is required.	https://imagebank.hematology.org/image/66158/gauchers-disease-aspirate-1?type=upload
66233	partial	Capnocytophaga canimorsus sepsis	Peripheral blood smear shows three neutrophils with segmented nuclei and prominent toxic vacuolation of the cytoplasm. Platelets are markedly reduced, and red cells are largely normocytic with an occasional echinocyte. Faint thin intracytoplasmic and a few extracellular linear structures may represent bacteria, but they are not definitively resolved at this magnification, so review at oil immersion (and Gram stain) is recommended. In a febrile patient with DIC, toxic vacuolation with suspected fusiform organisms is suggestive of overwhelming bacteremia, here confirmed as Capnocytophaga canimorsus on blood culture.	https://imagebank.hematology.org/image/66233/capnocytophaga-canimorsus-sepsis?type=upload
66306	partial	Dermal Thrombosis in a case of PNH	Clinical photograph of the posterior lower legs shows multiple large, irregular retiform purpuric plaques with angulated, branching borders. The lesions have central violaceous-black necrosis with eschar and an area of ulceration covered by yellow fibrinous slough, surrounded by a dusky erythematous hemorrhagic rim. No histology is shown in this image, so dermal vessel thrombosis itself is not directly visualized; the title refers to the biopsy findings. The clinical pattern of retiform purpura with necrosis indicates occlusive cutaneous microvascular thrombosis and, in the context of a large GPI-deficient granulocyte clone, is consistent with thrombotic complications of paroxysmal nocturnal hemoglobinuria.	https://imagebank.hematology.org/image/66306/dermal-thrombosis-in-a-case-of-pnh?type=upload
66344	partial	Caseating granuloma on bone marrow 1	Bone marrow trephine biopsy at low power shows two well-formed, circumscribed epithelioid granulomas composed of histiocytes with pale eosinophilic cytoplasm and elongated nuclei, rimmed by small lymphocytes. The intervening marrow shows fat, hemorrhage and scattered residual hematopoiesis. A definite central zone of amorphous acellular caseous necrosis is not appreciated at this magnification, and giant cells are not clearly resolved. Findings are consistent with granulomatous inflammation of the marrow; caseation should be confirmed at higher power, and AFB and fungal stains with cultures are recommended given the association with mycobacterial infection.	https://imagebank.hematology.org/image/66344/caseating-granuloma-on-bone-marrow-1?type=upload
66345	partial	Caseating granuloma on bone marrow 2	Bone marrow trephine biopsy shows a large, well-formed granuloma composed of epithelioid histiocytes and several multinucleated giant cells, surrounded by concentric fibrosis and a dense rim of small lymphocytes. The adjacent marrow shows fat and residual hematopoietic elements. A definite central zone of amorphous acellular caseous necrosis is not evident in this field. Findings are consistent with granulomatous inflammation; caseation should be confirmed on additional levels, and special stains (AFB, GMS) and cultures are recommended to exclude mycobacterial or fungal infection.	https://imagebank.hematology.org/image/66345/caseating-granuloma-on-bone-marrow-2?type=upload
66406	partial	Peripheral blood smear showing monocyte with intracellular fungal organisms	Peripheral blood smear shows two adjacent leukocytes. The upper cell has a dense, irregularly lobated nucleus pushed aside by approximately six to seven small, uniform oval organisms, each with a clear halo and a basophilic crescent of stained cytoplasm; no kinetoplast is identified. The lower cell is a monocyte with a folded nucleus and grey, finely vacuolated cytoplasm without organisms. The dense lobated nucleus of the infected cell could represent a neutrophil rather than a monocyte, although distortion by the organisms limits lineage assignment. Findings are suggestive of circulating intracellular Histoplasma capsulatum yeasts, consistent with disseminated histoplasmosis; confirmation by culture, antigen testing, or GMS/PAS stains is recommended.	https://imagebank.hematology.org/image/66406/peripheral-blood-smear-showing-monocyte-with-intracellular-fungal-organisms?type=upload
66407	partial	Peripheral blood smear showing neutrophil with intracellular fungal organisms	Peripheral blood smear shows a mature segmented neutrophil with finely granular cytoplasm and a small cytoplasmic vacuole. The cytoplasm contains several tiny dark basophilic bodies, including a short chain of three dots, a short rod, and an angular particle. These inclusions are smaller than typical Histoplasma yeasts (2-4 um) and lack a surrounding clear halo, so on this image alone they cannot be confidently distinguished from phagocytosed bacteria or overlying stain precipitate. In the context of the companion images showing haloed yeasts in leukocytes, findings are compatible with, but not diagnostic of, peripheral blood involvement by disseminated histoplasmosis; blood cultures and Histoplasma antigen testing are recommended.	https://imagebank.hematology.org/image/66407/peripheral-blood-smear-showing-neutrophil-with-intracellular-fungal-organisms?type=upload
66472	partial	ALCL cells in the bone marrow	Section of bone marrow shows an infiltrate of large pleomorphic cells with abundant cytoplasm and irregular, folded to kidney-shaped nuclei with vesicular chromatin, set within a vacuolated background containing scattered eosinophils and small lymphoid cells. Definite hallmark cells with classic horseshoe nuclei are suggested but not unequivocally resolved at this image quality, and no cohesive sheets of normal hematopoiesis are apparent in the field. The morphology is suggestive of marrow involvement by a large cell lymphoma such as anaplastic large cell lymphoma; confirmation requires CD30 (strong, uniform), ALK and T-cell marker immunohistochemistry together with cytokeratin and melanoma markers to exclude metastatic tumor.	https://imagebank.hematology.org/image/66472/alcl-cells-in-the-bone-marrow?type=upload
68	partial	AML with biallelic CEBPA mutation	Peripheral blood smear shows occasional circulating blasts with high N:C ratio and deeply basophilic cytoplasm, along with scattered mature neutrophils. The bone marrow core biopsy is hypercellular for age, with interstitial to sheet-like infiltration by large immature mononuclear cells with oval to indented nuclei, vesicular chromatin, and small nucleoli; residual megakaryocytes and hemosiderin-laden macrophages are present. The aspirate smear contains numerous blasts with moderate grey-blue cytoplasm, some showing nuclear folding suggestive of monocytic differentiation; Auer rods are not identified in these fields. Findings are consistent with relapsed acute myeloid leukemia; morphology does not specify the genetic subtype, and the reported biallelic CEBPA mutation requires molecular confirmation.	https://imagebank.hematology.org/reference-case/68/aml-with-biallelic-cebpa-mutation
9492	partial	The Parvovirus in Bone Marrow	Bone marrow core biopsy (H&E) shows a cellular marrow adjacent to a bony trabecula with preserved fat. At higher power there are increased large cells with round nuclei, vesicular chromatin, and prominent nucleoli, resembling enlarged pronormoblasts. Immunohistochemical panels show membranous/cytoplasmic staining of scattered large cells (c), diffuse staining of many marrow cells (d), and a negative stain (e); the antibodies are not labeled in the figure. Characteristic glassy intranuclear inclusions are not definitively resolved at this resolution. Findings are suggestive of parvovirus B19 infection of the marrow, which should be confirmed by parvovirus B19 immunohistochemistry, in situ hybridization, or serum PCR.	https://imagebank.hematology.org/image/9492/the-parvovirus-in-bone-marrow?type=upload
